Serving A:\projectssproperty
http://localhost:8123/  
[09/Sep/2026 23:11:12] "GET / HTTP/1.1" 200 -
[09/Sep/2026 23:11:37] "GET / HTTP/1.1" 200 -
[09/Sep/2026 23:11:37] "GET / HTTP/1.1" 200 -
[09/Sep/2026 23:11:49] "GET / HTTP/1.1" 200 -
[09/Sep/2026 23:11:49] "GET /_astro/entry.nm0Hktb4.css HTTP/1.1" 200 -
[09/Sep/2026 23:11:49] "GET /__offline__/offline-shim.js HTTP/1.1" 200 -
[09/Sep/2026 23:11:49] "GET /_astro/_slug_.BMRhjz4F.css HTTP/1.1" 200 -
[09/Sep/2026 23:11:49] "GET /__offline__/data/properties.json HTTP/1.1" 200 -
[09/Sep/2026 23:11:49] "GET /__offline__/data/propertyvideos.json HTTP/1.1" 200 -
[09/Sep/2026 23:11:49] "GET /_astro/page.Da4Tm9W1.js HTTP/1.1" 200 -
[09/Sep/2026 23:11:49] "GET /__offline__/data/blogposts.json HTTP/1.1" 200 -
[09/Sep/2026 23:11:49] "GET /__offline__/data/faq.json HTTP/1.1" 200 -
[09/Sep/2026 23:11:49] "GET /__offline__/data/testimonials.json HTTP/1.1" 200 -
[09/Sep/2026 23:11:49] "GET /__offline__/data/propertyimages.json HTTP/1.1" 200 -
[09/Sep/2026 23:11:49] "GET /__offline__/data/featuredreels.json HTTP/1.1" 200 -
[09/Sep/2026 23:11:49] "GET /_astro/astro_scripts/before-hydration.js.Dh2kxll0.js HTTP/1.1" 200 -
[09/Sep/2026 23:11:50] "GET /_astro/setup.4cZrxQ76.js HTTP/1.1" 200 -
[09/Sep/2026 23:11:50] "GET /_astro/_commonjsHelpers.C0HnJYVl.js HTTP/1.1" 200 -
[09/Sep/2026 23:11:50] "GET /_astro/address.CihO0Mvv.js HTTP/1.1" 200 -
[09/Sep/2026 23:11:50] "GET /favicon.ico HTTP/1.1" 200 -
[09/Sep/2026 23:11:50] "GET /_astro/client.CWebG0_l.js HTTP/1.1" 200 -
[09/Sep/2026 23:11:50] "GET /_astro/Router.BPj9U-nC.js HTTP/1.1" 200 -
[09/Sep/2026 23:11:50] "GET /_astro/index.QbErGXhl.js HTTP/1.1" 200 -
[09/Sep/2026 23:11:50] "GET /media/216404_cdb7bfa69955412eb69f5756fe3d7ee4~mv2.jpg HTTP/1.1" 200 -
[09/Sep/2026 23:11:51] "GET /api/instagram-feed HTTP/1.1" 200 -
[09/Sep/2026 23:11:51] "GET /media/216404_37832f9939cc42bf807f2f4c05a2de54~mv2.png HTTP/1.1" 200 -
[09/Sep/2026 23:11:51] "GET /media/216404_90d216724e3248f28c690e727e262972~mv2.png/v1/fill/w_49,h_27,al_c,q_85,usm_0.66_1.00_0.01,blur_2,enc_auto/216404_90d216724e3248f28c690e727e262972~mv2.png HTTP/1.1" 200 -
[09/Sep/2026 23:11:51] "GET /media/216404_97db3425711a4c47b7e323bcddf4e809~mv2.png HTTP/1.1" 200 -
[09/Sep/2026 23:11:51] "GET /media/216404_90d216724e3248f28c690e727e262972~mv2.png/v1/fill/w_532,h_896,al_c,q_90,enc_auto/216404_90d216724e3248f28c690e727e262972~mv2.png HTTP/1.1" 200 -
[09/Sep/2026 23:11:51] "GET /media/216404_f65cc54333d24be5a89bdcee1dc23533~mv2.png HTTP/1.1" 200 -
[09/Sep/2026 23:11:51] "GET /media/216404_9de56b8d718f451a8228d5eb070e81cf~mv2.png HTTP/1.1" 200 -
[09/Sep/2026 23:11:51] "GET /media/216404_945072a242df4460bb36d3642ca3a305~mv2.png HTTP/1.1" 200 -
[09/Sep/2026 23:11:51] "GET /media/216404_bb0cc8409e634537b1758829eda75be9~mv2.jpg HTTP/1.1" 200 -
[09/Sep/2026 23:11:51] "GET /media/216404_9353e73c5618436f98728bfdb3f4af7f~mv2.png HTTP/1.1" 200 -
[09/Sep/2026 23:11:51] "GET /media/216404_eec2b3792c3c41848a9055b7ada55ad2~mv2.png HTTP/1.1" 200 -
[09/Sep/2026 23:11:51] "GET /media/216404_c7a14c3ddf6a43eeadedd5140e908866~mv2.png HTTP/1.1" 200 -
[09/Sep/2026 23:11:51] "GET /media/216404_bb0cc8409e634537b1758829eda75be9~mv2.jpg/v1/fill/w_411,h_1280,fp_0.25_0.26,q_85,enc_auto/216404_bb0cc8409e634537b1758829eda75be9~mv2.jpg HTTP/1.1" 200 -
[09/Sep/2026 23:11:51] "GET /media/216404_de1db352e6914ada8f4e946fbc8349ec~mv2.jpg HTTP/1.1" 200 -
[09/Sep/2026 23:11:51] "GET /media/216404_4982358ca6444db39bebc135a3c88b0f~mv2.png HTTP/1.1" 200 -
[09/Sep/2026 23:11:51] "GET /media/216404_93e622c0b36445cf809c43d22c068033~mv2.png HTTP/1.1" 200 -
[09/Sep/2026 23:11:51] "GET /media/216404_01ef989b744a4e21af0caff523ccdc17~mv2.png HTTP/1.1" 200 -
[09/Sep/2026 23:11:51] "GET /media/216404_758051d75de04bf4a1ff7541c3ebf540~mv2.png HTTP/1.1" 200 -
[09/Sep/2026 23:11:52] "GET /media/216404_4f33e4e8c77b4f20b4d3038c3adc7c81~mv2.png HTTP/1.1" 200 -
[09/Sep/2026 23:11:52] "GET /media/216404_6f573b55ac774e19a392ac86bf84371d~mv2.png HTTP/1.1" 200 -
[09/Sep/2026 23:11:52] "GET /media/216404_920f0d89c8904221b59e566899f37bbb~mv2.png HTTP/1.1" 200 -
[09/Sep/2026 23:12:06] "GET /properties HTTP/1.1" 200 -
[09/Sep/2026 23:12:06] "GET /_astro/entry.nm0Hktb4.css HTTP/1.1" 200 -
[09/Sep/2026 23:12:06] "GET /__offline__/offline-shim.js HTTP/1.1" 200 -
[09/Sep/2026 23:12:06] "GET /__offline__/data/properties.json HTTP/1.1" 200 -
[09/Sep/2026 23:12:06] "GET /_astro/_slug_.BMRhjz4F.css HTTP/1.1" 200 -
[09/Sep/2026 23:12:06] "GET /__offline__/data/propertyvideos.json HTTP/1.1" 200 -
[09/Sep/2026 23:12:06] "GET /_astro/page.Da4Tm9W1.js HTTP/1.1" 200 -
[09/Sep/2026 23:12:06] "GET /__offline__/data/featuredreels.json HTTP/1.1" 200 -
[09/Sep/2026 23:12:07] "GET /__offline__/data/testimonials.json HTTP/1.1" 200 -
[09/Sep/2026 23:12:07] "GET /__offline__/data/faq.json HTTP/1.1" 200 -
[09/Sep/2026 23:12:07] "GET /__offline__/data/blogposts.json HTTP/1.1" 200 -
[09/Sep/2026 23:12:07] "GET /__offline__/data/propertyimages.json HTTP/1.1" 200 -
[09/Sep/2026 23:12:07] "GET /_astro/astro_scripts/before-hydration.js.Dh2kxll0.js HTTP/1.1" 200 -
[09/Sep/2026 23:12:07] "GET /_astro/setup.4cZrxQ76.js HTTP/1.1" 200 -
[09/Sep/2026 23:12:07] "GET /_astro/address.CihO0Mvv.js HTTP/1.1" 200 -
[09/Sep/2026 23:12:07] "GET /_astro/_commonjsHelpers.C0HnJYVl.js HTTP/1.1" 200 -
[09/Sep/2026 23:12:07] "GET /_astro/Router.BPj9U-nC.js HTTP/1.1" 200 -
[09/Sep/2026 23:12:07] "GET /_astro/client.CWebG0_l.js HTTP/1.1" 200 -
[09/Sep/2026 23:12:07] "GET /_astro/index.QbErGXhl.js HTTP/1.1" 200 -
[09/Sep/2026 23:12:07] "GET /media/216404_cdb7bfa69955412eb69f5756fe3d7ee4~mv2.jpg HTTP/1.1" 200 -
[09/Sep/2026 23:12:08] "GET /media/216404_de1db352e6914ada8f4e946fbc8349ec~mv2.jpg HTTP/1.1" 200 -
[09/Sep/2026 23:12:19] "GET /videos HTTP/1.1" 200 -
[09/Sep/2026 23:12:19] "GET /__offline__/data/properties.json HTTP/1.1" 200 -
[09/Sep/2026 23:12:19] "GET /__offline__/offline-shim.js HTTP/1.1" 200 -
[09/Sep/2026 23:12:19] "GET /_astro/page.Da4Tm9W1.js HTTP/1.1" 200 -
[09/Sep/2026 23:12:19] "GET /_astro/entry.nm0Hktb4.css HTTP/1.1" 200 -
[09/Sep/2026 23:12:19] "GET /_astro/_slug_.BMRhjz4F.css HTTP/1.1" 200 -
[09/Sep/2026 23:12:19] "GET /__offline__/data/propertyvideos.json HTTP/1.1" 200 -
[09/Sep/2026 23:12:20] "GET /__offline__/data/featuredreels.json HTTP/1.1" 200 -
[09/Sep/2026 23:12:20] "GET /_astro/astro_scripts/before-hydration.js.Dh2kxll0.js HTTP/1.1" 200 -
[09/Sep/2026 23:12:20] "GET /__offline__/data/propertyimages.json HTTP/1.1" 200 -
[09/Sep/2026 23:12:20] "GET /__offline__/data/testimonials.json HTTP/1.1" 200 -
[09/Sep/2026 23:12:20] "GET /__offline__/data/faq.json HTTP/1.1" 200 -
[09/Sep/2026 23:12:20] "GET /__offline__/data/blogposts.json HTTP/1.1" 200 -
[09/Sep/2026 23:12:20] "GET /_astro/setup.4cZrxQ76.js HTTP/1.1" 200 -
[09/Sep/2026 23:12:20] "GET /_astro/_commonjsHelpers.C0HnJYVl.js HTTP/1.1" 200 -
[09/Sep/2026 23:12:20] "GET /_astro/address.CihO0Mvv.js HTTP/1.1" 200 -
[09/Sep/2026 23:12:20] "GET /_astro/client.CWebG0_l.js HTTP/1.1" 200 -
[09/Sep/2026 23:12:20] "GET /_astro/Router.BPj9U-nC.js HTTP/1.1" 200 -
[09/Sep/2026 23:12:20] "GET /_astro/index.QbErGXhl.js HTTP/1.1" 200 -
[09/Sep/2026 23:12:21] "GET /media/216404_d52b8e425a4c4ce3951de0a575d5abde~mv2.png?originWidth=640&originHeight=640 HTTP/1.1" 200 -
[09/Sep/2026 23:12:21] "GET /media/216404_5e5713a6adad4dde972499f2165bfb64~mv2.png?originWidth=640&originHeight=640 HTTP/1.1" 200 -
[09/Sep/2026 23:12:21] "GET /media/216404_e740a65c81ba43668397c55ea8facac1~mv2.png?originWidth=640&originHeight=640 HTTP/1.1" 200 -
[09/Sep/2026 23:12:21] "GET /media/216404_e716f1ec688f44c88840b0b2bab466ad~mv2.png?originWidth=640&originHeight=640 HTTP/1.1" 200 -
[09/Sep/2026 23:12:21] "GET /media/216404_573d079b77514653a525976826fca658~mv2.png?originWidth=640&originHeight=640 HTTP/1.1" 200 -
[09/Sep/2026 23:12:21] "GET /media/216404_402c7cbb5bc14fa1a454d4dcec4a68a5~mv2.png?originWidth=640&originHeight=640 HTTP/1.1" 200 -
[09/Sep/2026 23:12:21] "GET /media/216404_cdb7bfa69955412eb69f5756fe3d7ee4~mv2.jpg HTTP/1.1" 200 -
[09/Sep/2026 23:12:21] "GET /media/216404_de1db352e6914ada8f4e946fbc8349ec~mv2.jpg HTTP/1.1" 200 -
[09/Sep/2026 23:12:21] "GET /media/216404_0ec19c0bf06b4f86bfb28a36fc3e62a1~mv2.png?originWidth=640&originHeight=640 HTTP/1.1" 200 -
[09/Sep/2026 23:12:21] "GET /media/216404_b2f99824fcc04d8c8f09ed26ff53c704~mv2.png?originWidth=640&originHeight=640 HTTP/1.1" 200 -
[09/Sep/2026 23:12:21] "GET /media/216404_131742608e0d44ecbcf442635ed4b060~mv2.png?originWidth=640&originHeight=640 HTTP/1.1" 200 -
[09/Sep/2026 23:12:21] "GET /media/216404_d8279617d45f4060ba5fa85003c2d1ee~mv2.png?originWidth=640&originHeight=640 HTTP/1.1" 200 -
[09/Sep/2026 23:12:32] "GET /blog HTTP/1.1" 200 -
[09/Sep/2026 23:12:32] "GET /_astro/entry.nm0Hktb4.css HTTP/1.1" 200 -
[09/Sep/2026 23:12:32] "GET /__offline__/offline-shim.js HTTP/1.1" 200 -
[09/Sep/2026 23:12:32] "GET /__offline__/data/propertyvideos.json HTTP/1.1" 200 -
[09/Sep/2026 23:12:32] "GET /_astro/_slug_.BMRhjz4F.css HTTP/1.1" 200 -
[09/Sep/2026 23:12:32] "GET /_astro/page.Da4Tm9W1.js HTTP/1.1" 200 -
[09/Sep/2026 23:12:32] "GET /__offline__/data/properties.json HTTP/1.1" 200 -
[09/Sep/2026 23:12:33] "GET /__offline__/data/featuredreels.json HTTP/1.1" 200 -
[09/Sep/2026 23:12:33] "GET /__offline__/data/propertyimages.json HTTP/1.1" 200 -
[09/Sep/2026 23:12:33] "GET /__offline__/data/faq.json HTTP/1.1" 200 -
[09/Sep/2026 23:12:33] "GET /__offline__/data/blogposts.json HTTP/1.1" 200 -
[09/Sep/2026 23:12:33] "GET /__offline__/data/testimonials.json HTTP/1.1" 200 -
[09/Sep/2026 23:12:33] "GET /_astro/astro_scripts/before-hydration.js.Dh2kxll0.js HTTP/1.1" 200 -
[09/Sep/2026 23:12:33] "GET /_astro/setup.4cZrxQ76.js HTTP/1.1" 200 -
[09/Sep/2026 23:12:33] "GET /_astro/address.CihO0Mvv.js HTTP/1.1" 200 -
[09/Sep/2026 23:12:33] "GET /_astro/_commonjsHelpers.C0HnJYVl.js HTTP/1.1" 200 -
[09/Sep/2026 23:12:33] "GET /_astro/Router.BPj9U-nC.js HTTP/1.1" 200 -
[09/Sep/2026 23:12:33] "GET /_astro/client.CWebG0_l.js HTTP/1.1" 200 -
[09/Sep/2026 23:12:34] "GET /_astro/index.QbErGXhl.js HTTP/1.1" 200 -
[09/Sep/2026 23:12:34] "GET /media/216404_7e7a2452a0be4e29b1868cd2b3b7dae7~mv2.png?originWidth=640&originHeight=640 HTTP/1.1" 200 -
[09/Sep/2026 23:12:34] "GET /media/216404_6f4776b3d4b5438aa2725ac8ad1fded8~mv2.png?originWidth=640&originHeight=640 HTTP/1.1" 200 -
[09/Sep/2026 23:12:34] "GET /media/216404_cdb7bfa69955412eb69f5756fe3d7ee4~mv2.jpg HTTP/1.1" 200 -
[09/Sep/2026 23:12:34] "GET /media/216404_5f7722e68d99447f9643b00d600c646d~mv2.png?originWidth=640&originHeight=640 HTTP/1.1" 200 -
[09/Sep/2026 23:12:34] "GET /media/216404_99b65d8e4edf4d9ea8caf90e0a80662d~mv2.png?originWidth=640&originHeight=640 HTTP/1.1" 200 -
[09/Sep/2026 23:12:34] "GET /media/216404_de1db352e6914ada8f4e946fbc8349ec~mv2.jpg HTTP/1.1" 200 -
[09/Sep/2026 23:12:34] "GET /media/216404_ff8f1ea23ce14c1da752be07f360d641~mv2.png?originWidth=640&originHeight=640 HTTP/1.1" 200 -
[09/Sep/2026 23:12:34] "GET /media/216404_b7b5b69e151b47ea86c040e4e14d5207~mv2.png?originWidth=640&originHeight=640 HTTP/1.1" 200 -
[09/Sep/2026 23:12:45] "GET /work-with-us HTTP/1.1" 200 -
[09/Sep/2026 23:12:45] "GET /_astro/entry.nm0Hktb4.css HTTP/1.1" 200 -
[09/Sep/2026 23:12:45] "GET /_astro/_slug_.BMRhjz4F.css HTTP/1.1" 200 -
[09/Sep/2026 23:12:45] "GET /__offline__/offline-shim.js HTTP/1.1" 200 -
[09/Sep/2026 23:12:45] "GET /_astro/page.Da4Tm9W1.js HTTP/1.1" 200 -
[09/Sep/2026 23:12:45] "GET /__offline__/data/properties.json HTTP/1.1" 200 -
[09/Sep/2026 23:12:45] "GET /__offline__/data/propertyvideos.json HTTP/1.1" 200 -
[09/Sep/2026 23:12:46] "GET /__offline__/data/featuredreels.json HTTP/1.1" 200 -
[09/Sep/2026 23:12:46] "GET /__offline__/data/testimonials.json HTTP/1.1" 200 -
[09/Sep/2026 23:12:46] "GET /__offline__/data/faq.json HTTP/1.1" 200 -
[09/Sep/2026 23:12:46] "GET /__offline__/data/blogposts.json HTTP/1.1" 200 -
[09/Sep/2026 23:12:46] "GET /__offline__/data/propertyimages.json HTTP/1.1" 200 -
[09/Sep/2026 23:12:46] "GET /_astro/astro_scripts/before-hydration.js.Dh2kxll0.js HTTP/1.1" 200 -
[09/Sep/2026 23:12:46] "GET /_astro/setup.4cZrxQ76.js HTTP/1.1" 200 -
[09/Sep/2026 23:12:46] "GET /_astro/address.CihO0Mvv.js HTTP/1.1" 200 -
[09/Sep/2026 23:12:46] "GET /_astro/_commonjsHelpers.C0HnJYVl.js HTTP/1.1" 200 -
[09/Sep/2026 23:12:46] "GET /_astro/Router.BPj9U-nC.js HTTP/1.1" 200 -
[09/Sep/2026 23:12:46] "GET /_astro/client.CWebG0_l.js HTTP/1.1" 200 -
[09/Sep/2026 23:12:47] "GET /_astro/index.QbErGXhl.js HTTP/1.1" 200 -
[09/Sep/2026 23:12:47] "GET /media/216404_cdb7bfa69955412eb69f5756fe3d7ee4~mv2.jpg HTTP/1.1" 200 -
[09/Sep/2026 23:12:47] "GET /media/216404_de1db352e6914ada8f4e946fbc8349ec~mv2.jpg HTTP/1.1" 200 -
[09/Sep/2026 23:12:58] "GET /sell-property HTTP/1.1" 200 -
[09/Sep/2026 23:12:59] "GET /_astro/entry.nm0Hktb4.css HTTP/1.1" 200 -
[09/Sep/2026 23:12:59] "GET /_astro/page.Da4Tm9W1.js HTTP/1.1" 200 -
[09/Sep/2026 23:12:59] "GET /__offline__/data/properties.json HTTP/1.1" 200 -
[09/Sep/2026 23:12:59] "GET /__offline__/offline-shim.js HTTP/1.1" 200 -
[09/Sep/2026 23:12:59] "GET /_astro/_slug_.BMRhjz4F.css HTTP/1.1" 200 -
[09/Sep/2026 23:12:59] "GET /__offline__/data/propertyvideos.json HTTP/1.1" 200 -
[09/Sep/2026 23:12:59] "GET /__offline__/data/featuredreels.json HTTP/1.1" 200 -
[09/Sep/2026 23:12:59] "GET /__offline__/data/testimonials.json HTTP/1.1" 200 -
[09/Sep/2026 23:12:59] "GET /__offline__/data/faq.json HTTP/1.1" 200 -
[09/Sep/2026 23:12:59] "GET /__offline__/data/blogposts.json HTTP/1.1" 200 -
[09/Sep/2026 23:12:59] "GET /__offline__/data/propertyimages.json HTTP/1.1" 200 -
[09/Sep/2026 23:12:59] "GET /_astro/astro_scripts/before-hydration.js.Dh2kxll0.js HTTP/1.1" 200 -
[09/Sep/2026 23:12:59] "GET /_astro/setup.4cZrxQ76.js HTTP/1.1" 200 -
[09/Sep/2026 23:12:59] "GET /_astro/_commonjsHelpers.C0HnJYVl.js HTTP/1.1" 200 -
[09/Sep/2026 23:12:59] "GET /_astro/address.CihO0Mvv.js HTTP/1.1" 200 -
[09/Sep/2026 23:13:00] "GET /_astro/Router.BPj9U-nC.js HTTP/1.1" 200 -
[09/Sep/2026 23:13:00] "GET /_astro/client.CWebG0_l.js HTTP/1.1" 200 -
[09/Sep/2026 23:13:00] "GET /_astro/index.QbErGXhl.js HTTP/1.1" 200 -
[09/Sep/2026 23:13:00] "GET /media/216404_cdb7bfa69955412eb69f5756fe3d7ee4~mv2.jpg HTTP/1.1" 200 -
[09/Sep/2026 23:13:00] "GET /media/216404_de1db352e6914ada8f4e946fbc8349ec~mv2.jpg HTTP/1.1" 200 -
[09/Sep/2026 23:13:11] "GET /projects HTTP/1.1" 200 -
[09/Sep/2026 23:13:12] "GET /_astro/_slug_.BMRhjz4F.css HTTP/1.1" 200 -
[09/Sep/2026 23:13:12] "GET /__offline__/offline-shim.js HTTP/1.1" 200 -
[09/Sep/2026 23:13:12] "GET /_astro/page.Da4Tm9W1.js HTTP/1.1" 200 -
[09/Sep/2026 23:13:12] "GET /_astro/entry.nm0Hktb4.css HTTP/1.1" 200 -
[09/Sep/2026 23:13:12] "GET /__offline__/data/propertyvideos.json HTTP/1.1" 200 -
[09/Sep/2026 23:13:12] "GET /__offline__/data/properties.json HTTP/1.1" 200 -
[09/Sep/2026 23:13:12] "GET /__offline__/data/testimonials.json HTTP/1.1" 200 -
[09/Sep/2026 23:13:12] "GET /__offline__/data/propertyimages.json HTTP/1.1" 200 -
[09/Sep/2026 23:13:12] "GET /__offline__/data/featuredreels.json HTTP/1.1" 200 -
[09/Sep/2026 23:13:12] "GET /_astro/astro_scripts/before-hydration.js.Dh2kxll0.js HTTP/1.1" 200 -
[09/Sep/2026 23:13:12] "GET /__offline__/data/faq.json HTTP/1.1" 200 -
[09/Sep/2026 23:13:12] "GET /__offline__/data/blogposts.json HTTP/1.1" 200 -
[09/Sep/2026 23:13:12] "GET /_astro/setup.4cZrxQ76.js HTTP/1.1" 200 -
[09/Sep/2026 23:13:12] "GET /_astro/address.CihO0Mvv.js HTTP/1.1" 200 -
[09/Sep/2026 23:13:12] "GET /_astro/_commonjsHelpers.C0HnJYVl.js HTTP/1.1" 200 -
[09/Sep/2026 23:13:13] "GET /_astro/Router.BPj9U-nC.js HTTP/1.1" 200 -
[09/Sep/2026 23:13:13] "GET /_astro/client.CWebG0_l.js HTTP/1.1" 200 -
[09/Sep/2026 23:13:13] "GET /_astro/index.QbErGXhl.js HTTP/1.1" 200 -
[09/Sep/2026 23:13:13] "GET /media/216404_cdb7bfa69955412eb69f5756fe3d7ee4~mv2.jpg HTTP/1.1" 200 -
[09/Sep/2026 23:13:13] "GET /media/216404_de1db352e6914ada8f4e946fbc8349ec~mv2.jpg HTTP/1.1" 200 -
----------------------------------------
Exception occurred during processing of request from ('127.0.0.1', 52761)
Traceback (most recent call last):
  File "C:\Users\roshh\AppData\Roaming\uv\python\cpython-3.11-windows-x86_64-none\Lib\socketserver.py", line 691, in process_request_thread
    self.finish_request(request, client_address)
  File "C:\Users\roshh\AppData\Roaming\uv\python\cpython-3.11-windows-x86_64-none\Lib\socketserver.py", line 361, in finish_request
    self.RequestHandlerClass(request, client_address, self)
  File "A:\projectssproperty\server.py", line 42, in __init__
    super().__init__(*a, directory=ROOT, **kw)
  File "C:\Users\roshh\AppData\Roaming\uv\python\cpython-3.11-windows-x86_64-none\Lib\http\server.py", line 675, in __init__
    super().__init__(*args, **kwargs)
  File "C:\Users\roshh\AppData\Roaming\uv\python\cpython-3.11-windows-x86_64-none\Lib\socketserver.py", line 755, in __init__
    self.handle()
  File "C:\Users\roshh\AppData\Roaming\uv\python\cpython-3.11-windows-x86_64-none\Lib\http\server.py", line 440, in handle
    self.handle_one_request()
  File "C:\Users\roshh\AppData\Roaming\uv\python\cpython-3.11-windows-x86_64-none\Lib\http\server.py", line 408, in handle_one_request
    self.raw_requestline = self.rfile.readline(65537)
                           ^^^^^^^^^^^^^^^^^^^^^^^^^^
  File "C:\Users\roshh\AppData\Roaming\uv\python\cpython-3.11-windows-x86_64-none\Lib\socket.py", line 718, in readinto
    return self._sock.recv_into(b)
           ^^^^^^^^^^^^^^^^^^^^^^^
ConnectionResetError: [WinError 10054] An existing connection was forcibly closed by the remote host
----------------------------------------
[09/Sep/2026 23:14:36] "GET /property/007e57c0-b818-4005-b8e2-3c67c9a26cb5 HTTP/1.1" 200 -
[09/Sep/2026 23:14:36] "GET /_astro/_slug_.BMRhjz4F.css HTTP/1.1" 200 -
[09/Sep/2026 23:14:36] "GET /property/__offline__/data/properties.json HTTP/1.1" 200 -
[09/Sep/2026 23:14:36] "GET /_astro/entry.nm0Hktb4.css HTTP/1.1" 200 -
[09/Sep/2026 23:14:36] "GET /property/__offline__/offline-shim.js HTTP/1.1" 200 -
[09/Sep/2026 23:14:36] "GET /_astro/page.Da4Tm9W1.js HTTP/1.1" 200 -
[09/Sep/2026 23:14:36] "GET /property/__offline__/data/propertyvideos.json HTTP/1.1" 200 -
[09/Sep/2026 23:14:36] "GET /property/__offline__/data/featuredreels.json HTTP/1.1" 200 -
[09/Sep/2026 23:14:36] "GET /property/__offline__/data/testimonials.json HTTP/1.1" 200 -
[09/Sep/2026 23:14:36] "GET /property/__offline__/data/blogposts.json HTTP/1.1" 200 -
[09/Sep/2026 23:14:36] "GET /property/__offline__/data/faq.json HTTP/1.1" 200 -
[09/Sep/2026 23:14:36] "GET /property/__offline__/data/propertyimages.json HTTP/1.1" 200 -
[09/Sep/2026 23:14:36] "GET /_astro/astro_scripts/before-hydration.js.Dh2kxll0.js HTTP/1.1" 200 -
[09/Sep/2026 23:14:37] "GET /_astro/setup.4cZrxQ76.js HTTP/1.1" 200 -
[09/Sep/2026 23:14:37] "GET /_astro/address.CihO0Mvv.js HTTP/1.1" 200 -
[09/Sep/2026 23:14:37] "GET /_astro/_commonjsHelpers.C0HnJYVl.js HTTP/1.1" 200 -
[09/Sep/2026 23:14:37] "GET /_astro/Router.BPj9U-nC.js HTTP/1.1" 200 -
[09/Sep/2026 23:14:37] "GET /_astro/client.CWebG0_l.js HTTP/1.1" 200 -
[09/Sep/2026 23:14:37] "GET /favicon.ico HTTP/1.1" 200 -
[09/Sep/2026 23:14:37] "GET /_astro/index.QbErGXhl.js HTTP/1.1" 200 -
[09/Sep/2026 23:14:49] "GET /property/75de911b-220e-4e2c-89e8-d7d901a06b1b HTTP/1.1" 200 -
[09/Sep/2026 23:14:49] "GET /_astro/entry.nm0Hktb4.css HTTP/1.1" 200 -
[09/Sep/2026 23:14:49] "GET /_astro/_slug_.BMRhjz4F.css HTTP/1.1" 200 -
[09/Sep/2026 23:14:49] "GET /_astro/page.Da4Tm9W1.js HTTP/1.1" 200 -
[09/Sep/2026 23:14:49] "GET /property/__offline__/offline-shim.js HTTP/1.1" 200 -
[09/Sep/2026 23:14:49] "GET /property/__offline__/data/propertyvideos.json HTTP/1.1" 200 -
[09/Sep/2026 23:14:49] "GET /property/__offline__/data/properties.json HTTP/1.1" 200 -
[09/Sep/2026 23:14:49] "GET /property/__offline__/data/featuredreels.json HTTP/1.1" 200 -
[09/Sep/2026 23:14:49] "GET /property/__offline__/data/testimonials.json HTTP/1.1" 200 -
[09/Sep/2026 23:14:49] "GET /property/__offline__/data/faq.json HTTP/1.1" 200 -
[09/Sep/2026 23:14:49] "GET /property/__offline__/data/blogposts.json HTTP/1.1" 200 -
[09/Sep/2026 23:14:49] "GET /property/__offline__/data/propertyimages.json HTTP/1.1" 200 -
[09/Sep/2026 23:14:49] "GET /_astro/astro_scripts/before-hydration.js.Dh2kxll0.js HTTP/1.1" 200 -
[09/Sep/2026 23:14:49] "GET /_astro/setup.4cZrxQ76.js HTTP/1.1" 200 -
[09/Sep/2026 23:14:49] "GET /_astro/_commonjsHelpers.C0HnJYVl.js HTTP/1.1" 200 -
[09/Sep/2026 23:14:49] "GET /_astro/address.CihO0Mvv.js HTTP/1.1" 200 -
[09/Sep/2026 23:14:50] "GET /_astro/Router.BPj9U-nC.js HTTP/1.1" 200 -
[09/Sep/2026 23:14:50] "GET /_astro/client.CWebG0_l.js HTTP/1.1" 200 -
[09/Sep/2026 23:14:50] "GET /_astro/index.QbErGXhl.js HTTP/1.1" 200 -
[09/Sep/2026 23:15:01] "GET /property/03965c67-6e19-4c8d-af1b-d8bacf5e3ea4 HTTP/1.1" 200 -
[09/Sep/2026 23:15:02] "GET /_astro/entry.nm0Hktb4.css HTTP/1.1" 200 -
[09/Sep/2026 23:15:02] "GET /_astro/_slug_.BMRhjz4F.css HTTP/1.1" 200 -
[09/Sep/2026 23:15:02] "GET /property/__offline__/offline-shim.js HTTP/1.1" 200 -
[09/Sep/2026 23:15:02] "GET /property/__offline__/data/properties.json HTTP/1.1" 200 -
[09/Sep/2026 23:15:02] "GET /property/__offline__/data/propertyvideos.json HTTP/1.1" 200 -
[09/Sep/2026 23:15:02] "GET /_astro/page.Da4Tm9W1.js HTTP/1.1" 200 -
[09/Sep/2026 23:15:02] "GET /property/__offline__/data/featuredreels.json HTTP/1.1" 200 -
[09/Sep/2026 23:15:02] "GET /_astro/astro_scripts/before-hydration.js.Dh2kxll0.js HTTP/1.1" 200 -
[09/Sep/2026 23:15:02] "GET /property/__offline__/data/blogposts.json HTTP/1.1" 200 -
[09/Sep/2026 23:15:02] "GET /property/__offline__/data/testimonials.json HTTP/1.1" 200 -
[09/Sep/2026 23:15:02] "GET /property/__offline__/data/propertyimages.json HTTP/1.1" 200 -
[09/Sep/2026 23:15:02] "GET /property/__offline__/data/faq.json HTTP/1.1" 200 -
[09/Sep/2026 23:15:02] "GET /_astro/setup.4cZrxQ76.js HTTP/1.1" 200 -
[09/Sep/2026 23:15:02] "GET /_astro/address.CihO0Mvv.js HTTP/1.1" 200 -
[09/Sep/2026 23:15:02] "GET /_astro/_commonjsHelpers.C0HnJYVl.js HTTP/1.1" 200 -
[09/Sep/2026 23:15:03] "GET /_astro/Router.BPj9U-nC.js HTTP/1.1" 200 -
[09/Sep/2026 23:15:03] "GET /_astro/client.CWebG0_l.js HTTP/1.1" 200 -
[09/Sep/2026 23:15:03] "GET /_astro/index.QbErGXhl.js HTTP/1.1" 200 -
[09/Sep/2026 23:15:14] "GET /blog/47ea5159-5508-4052-b1fb-a66a72c23994 HTTP/1.1" 200 -
[09/Sep/2026 23:15:15] "GET /_astro/entry.nm0Hktb4.css HTTP/1.1" 200 -
[09/Sep/2026 23:15:15] "GET /_astro/_slug_.BMRhjz4F.css HTTP/1.1" 200 -
[09/Sep/2026 23:15:15] "GET /blog/__offline__/offline-shim.js HTTP/1.1" 200 -
[09/Sep/2026 23:15:15] "GET /blog/__offline__/data/properties.json HTTP/1.1" 200 -
[09/Sep/2026 23:15:15] "GET /_astro/page.Da4Tm9W1.js HTTP/1.1" 200 -
[09/Sep/2026 23:15:15] "GET /blog/__offline__/data/propertyvideos.json HTTP/1.1" 200 -
[09/Sep/2026 23:15:15] "GET /blog/__offline__/data/featuredreels.json HTTP/1.1" 200 -
[09/Sep/2026 23:15:15] "GET /blog/__offline__/data/propertyimages.json HTTP/1.1" 200 -
[09/Sep/2026 23:15:15] "GET /blog/__offline__/data/testimonials.json HTTP/1.1" 200 -
[09/Sep/2026 23:15:15] "GET /blog/__offline__/data/blogposts.json HTTP/1.1" 200 -
[09/Sep/2026 23:15:15] "GET /blog/__offline__/data/faq.json HTTP/1.1" 200 -
[09/Sep/2026 23:15:15] "GET /_astro/astro_scripts/before-hydration.js.Dh2kxll0.js HTTP/1.1" 200 -
[09/Sep/2026 23:15:15] "GET /_astro/_commonjsHelpers.C0HnJYVl.js HTTP/1.1" 200 -
[09/Sep/2026 23:15:15] "GET /_astro/setup.4cZrxQ76.js HTTP/1.1" 200 -
[09/Sep/2026 23:15:15] "GET /_astro/address.CihO0Mvv.js HTTP/1.1" 200 -
[09/Sep/2026 23:15:16] "GET /_astro/Router.BPj9U-nC.js HTTP/1.1" 200 -
[09/Sep/2026 23:15:16] "GET /_astro/client.CWebG0_l.js HTTP/1.1" 200 -
[09/Sep/2026 23:15:16] "GET /_astro/index.QbErGXhl.js HTTP/1.1" 200 -
[09/Sep/2026 23:15:27] "GET /videos HTTP/1.1" 200 -
[09/Sep/2026 23:15:27] "GET /_astro/entry.nm0Hktb4.css HTTP/1.1" 200 -
[09/Sep/2026 23:15:27] "GET /_astro/_slug_.BMRhjz4F.css HTTP/1.1" 200 -
[09/Sep/2026 23:15:27] "GET /__offline__/offline-shim.js HTTP/1.1" 200 -
[09/Sep/2026 23:15:27] "GET /_astro/page.Da4Tm9W1.js HTTP/1.1" 200 -
[09/Sep/2026 23:15:27] "GET /__offline__/data/properties.json HTTP/1.1" 200 -
[09/Sep/2026 23:15:27] "GET /__offline__/data/propertyvideos.json HTTP/1.1" 200 -
[09/Sep/2026 23:15:28] "GET /__offline__/data/propertyimages.json HTTP/1.1" 200 -
[09/Sep/2026 23:15:28] "GET /__offline__/data/featuredreels.json HTTP/1.1" 200 -
[09/Sep/2026 23:15:28] "GET /__offline__/data/testimonials.json HTTP/1.1" 200 -
[09/Sep/2026 23:15:28] "GET /__offline__/data/faq.json HTTP/1.1" 200 -
[09/Sep/2026 23:15:28] "GET /_astro/astro_scripts/before-hydration.js.Dh2kxll0.js HTTP/1.1" 200 -
[09/Sep/2026 23:15:28] "GET /__offline__/data/blogposts.json HTTP/1.1" 200 -
[09/Sep/2026 23:15:28] "GET /_astro/setup.4cZrxQ76.js HTTP/1.1" 200 -
[09/Sep/2026 23:15:28] "GET /_astro/address.CihO0Mvv.js HTTP/1.1" 200 -
[09/Sep/2026 23:15:28] "GET /_astro/_commonjsHelpers.C0HnJYVl.js HTTP/1.1" 200 -
[09/Sep/2026 23:15:28] "GET /_astro/Router.BPj9U-nC.js HTTP/1.1" 200 -
[09/Sep/2026 23:15:28] "GET /_astro/client.CWebG0_l.js HTTP/1.1" 200 -
[09/Sep/2026 23:15:28] "GET /_astro/index.QbErGXhl.js HTTP/1.1" 200 -
[09/Sep/2026 23:15:29] "GET /media/216404_402c7cbb5bc14fa1a454d4dcec4a68a5~mv2.png?originWidth=640&originHeight=640 HTTP/1.1" 200 -
[09/Sep/2026 23:15:29] "GET /media/216404_5e5713a6adad4dde972499f2165bfb64~mv2.png?originWidth=640&originHeight=640 HTTP/1.1" 200 -
[09/Sep/2026 23:15:29] "GET /media/216404_e740a65c81ba43668397c55ea8facac1~mv2.png?originWidth=640&originHeight=640 HTTP/1.1" 200 -
[09/Sep/2026 23:15:29] "GET /media/216404_573d079b77514653a525976826fca658~mv2.png?originWidth=640&originHeight=640 HTTP/1.1" 200 -
[09/Sep/2026 23:15:29] "GET /media/216404_d52b8e425a4c4ce3951de0a575d5abde~mv2.png?originWidth=640&originHeight=640 HTTP/1.1" 200 -
[09/Sep/2026 23:15:29] "GET /media/216404_e716f1ec688f44c88840b0b2bab466ad~mv2.png?originWidth=640&originHeight=640 HTTP/1.1" 200 -
[09/Sep/2026 23:15:29] "GET /media/216404_cdb7bfa69955412eb69f5756fe3d7ee4~mv2.jpg HTTP/1.1" 200 -
[09/Sep/2026 23:15:29] "GET /media/216404_de1db352e6914ada8f4e946fbc8349ec~mv2.jpg HTTP/1.1" 200 -
[09/Sep/2026 23:15:29] "GET /media/216404_0ec19c0bf06b4f86bfb28a36fc3e62a1~mv2.png?originWidth=640&originHeight=640 HTTP/1.1" 200 -
[09/Sep/2026 23:15:29] "GET /media/216404_131742608e0d44ecbcf442635ed4b060~mv2.png?originWidth=640&originHeight=640 HTTP/1.1" 200 -
[09/Sep/2026 23:15:29] "GET /media/216404_b2f99824fcc04d8c8f09ed26ff53c704~mv2.png?originWidth=640&originHeight=640 HTTP/1.1" 200 -
[09/Sep/2026 23:15:29] "GET /media/216404_d8279617d45f4060ba5fa85003c2d1ee~mv2.png?originWidth=640&originHeight=640 HTTP/1.1" 200 -
[09/Sep/2026 23:15:51] "GET / HTTP/1.1" 200 -
[09/Sep/2026 23:15:51] "GET /_astro/entry.nm0Hktb4.css HTTP/1.1" 200 -
[09/Sep/2026 23:15:51] "GET /__offline__/data/properties.json HTTP/1.1" 200 -
[09/Sep/2026 23:15:51] "GET /_astro/page.Da4Tm9W1.js HTTP/1.1" 200 -
[09/Sep/2026 23:15:51] "GET /_astro/_slug_.BMRhjz4F.css HTTP/1.1" 200 -
[09/Sep/2026 23:15:51] "GET /__offline__/offline-shim.js HTTP/1.1" 200 -
[09/Sep/2026 23:15:51] "GET /__offline__/data/propertyvideos.json HTTP/1.1" 200 -
[09/Sep/2026 23:15:51] "GET /__offline__/data/blogposts.json HTTP/1.1" 200 -
[09/Sep/2026 23:15:51] "GET /__offline__/data/propertyimages.json HTTP/1.1" 200 -
[09/Sep/2026 23:15:51] "GET /__offline__/data/testimonials.json HTTP/1.1" 200 -
[09/Sep/2026 23:15:51] "GET /__offline__/data/featuredreels.json HTTP/1.1" 200 -
[09/Sep/2026 23:15:51] "GET /__offline__/data/faq.json HTTP/1.1" 200 -
[09/Sep/2026 23:15:51] "GET /_astro/astro_scripts/before-hydration.js.Dh2kxll0.js HTTP/1.1" 200 -
[09/Sep/2026 23:15:51] "GET /_astro/address.CihO0Mvv.js HTTP/1.1" 200 -
[09/Sep/2026 23:15:51] "GET /_astro/_commonjsHelpers.C0HnJYVl.js HTTP/1.1" 200 -
[09/Sep/2026 23:15:51] "GET /_astro/setup.4cZrxQ76.js HTTP/1.1" 200 -
[09/Sep/2026 23:15:52] "GET /_astro/Router.BPj9U-nC.js HTTP/1.1" 200 -
[09/Sep/2026 23:15:52] "GET /_astro/client.CWebG0_l.js HTTP/1.1" 200 -
[09/Sep/2026 23:15:52] "GET /favicon.ico HTTP/1.1" 200 -
[09/Sep/2026 23:15:52] "GET /_astro/index.QbErGXhl.js HTTP/1.1" 200 -
[09/Sep/2026 23:15:52] "GET /media/216404_cdb7bfa69955412eb69f5756fe3d7ee4~mv2.jpg HTTP/1.1" 200 -
[09/Sep/2026 23:15:52] "GET /api/instagram-feed HTTP/1.1" 200 -
[09/Sep/2026 23:15:52] "GET /media/216404_90d216724e3248f28c690e727e262972~mv2.png/v1/fill/w_532,h_896,al_c,q_90,enc_auto/216404_90d216724e3248f28c690e727e262972~mv2.png HTTP/1.1" 200 -
[09/Sep/2026 23:15:52] "GET /media/216404_90d216724e3248f28c690e727e262972~mv2.png/v1/fill/w_49,h_27,al_c,q_85,usm_0.66_1.00_0.01,blur_2,enc_auto/216404_90d216724e3248f28c690e727e262972~mv2.png HTTP/1.1" 200 -
[09/Sep/2026 23:15:52] "GET /media/216404_97db3425711a4c47b7e323bcddf4e809~mv2.png HTTP/1.1" 200 -
[09/Sep/2026 23:15:52] "GET /media/216404_f65cc54333d24be5a89bdcee1dc23533~mv2.png HTTP/1.1" 200 -
[09/Sep/2026 23:15:52] "GET /media/216404_37832f9939cc42bf807f2f4c05a2de54~mv2.png HTTP/1.1" 200 -
[09/Sep/2026 23:15:53] "GET /media/216404_9de56b8d718f451a8228d5eb070e81cf~mv2.png HTTP/1.1" 200 -
[09/Sep/2026 23:15:53] "GET /media/216404_945072a242df4460bb36d3642ca3a305~mv2.png HTTP/1.1" 200 -
[09/Sep/2026 23:15:53] "GET /media/216404_c7a14c3ddf6a43eeadedd5140e908866~mv2.png HTTP/1.1" 200 -
[09/Sep/2026 23:15:53] "GET /media/216404_9353e73c5618436f98728bfdb3f4af7f~mv2.png HTTP/1.1" 200 -
[09/Sep/2026 23:15:53] "GET /media/216404_eec2b3792c3c41848a9055b7ada55ad2~mv2.png HTTP/1.1" 200 -
[09/Sep/2026 23:15:53] "GET /media/216404_bb0cc8409e634537b1758829eda75be9~mv2.jpg HTTP/1.1" 200 -
[09/Sep/2026 23:15:53] "GET /media/216404_01ef989b744a4e21af0caff523ccdc17~mv2.png HTTP/1.1" 200 -
[09/Sep/2026 23:15:53] "GET /media/216404_4982358ca6444db39bebc135a3c88b0f~mv2.png HTTP/1.1" 200 -
[09/Sep/2026 23:15:53] "GET /media/216404_bb0cc8409e634537b1758829eda75be9~mv2.jpg/v1/fill/w_411,h_1280,fp_0.25_0.26,q_85,enc_auto/216404_bb0cc8409e634537b1758829eda75be9~mv2.jpg HTTP/1.1" 200 -
[09/Sep/2026 23:15:53] "GET /media/216404_758051d75de04bf4a1ff7541c3ebf540~mv2.png HTTP/1.1" 200 -
[09/Sep/2026 23:15:53] "GET /media/216404_de1db352e6914ada8f4e946fbc8349ec~mv2.jpg HTTP/1.1" 200 -
[09/Sep/2026 23:15:53] "GET /media/216404_93e622c0b36445cf809c43d22c068033~mv2.png HTTP/1.1" 200 -
[09/Sep/2026 23:15:53] "GET /media/216404_6f573b55ac774e19a392ac86bf84371d~mv2.png HTTP/1.1" 200 -
[09/Sep/2026 23:15:53] "GET /media/216404_4f33e4e8c77b4f20b4d3038c3adc7c81~mv2.png HTTP/1.1" 200 -
[09/Sep/2026 23:15:53] "GET /media/216404_920f0d89c8904221b59e566899f37bbb~mv2.png HTTP/1.1" 200 -
[09/Sep/2026 23:16:08] "GET /properties HTTP/1.1" 200 -
[09/Sep/2026 23:16:08] "GET /_astro/entry.nm0Hktb4.css HTTP/1.1" 200 -
[09/Sep/2026 23:16:08] "GET /_astro/_slug_.BMRhjz4F.css HTTP/1.1" 200 -
[09/Sep/2026 23:16:08] "GET /__offline__/data/propertyvideos.json HTTP/1.1" 200 -
[09/Sep/2026 23:16:08] "GET /__offline__/offline-shim.js HTTP/1.1" 200 -
[09/Sep/2026 23:16:08] "GET /__offline__/data/properties.json HTTP/1.1" 200 -
[09/Sep/2026 23:16:08] "GET /_astro/page.Da4Tm9W1.js HTTP/1.1" 200 -
[09/Sep/2026 23:16:08] "GET /__offline__/data/featuredreels.json HTTP/1.1" 200 -
[09/Sep/2026 23:16:08] "GET /__offline__/data/testimonials.json HTTP/1.1" 200 -
[09/Sep/2026 23:16:08] "GET /__offline__/data/faq.json HTTP/1.1" 200 -
[09/Sep/2026 23:16:08] "GET /__offline__/data/blogposts.json HTTP/1.1" 200 -
[09/Sep/2026 23:16:08] "GET /__offline__/data/propertyimages.json HTTP/1.1" 200 -
[09/Sep/2026 23:16:08] "GET /_astro/astro_scripts/before-hydration.js.Dh2kxll0.js HTTP/1.1" 200 -
[09/Sep/2026 23:16:09] "GET /_astro/setup.4cZrxQ76.js HTTP/1.1" 200 -
[09/Sep/2026 23:16:09] "GET /_astro/address.CihO0Mvv.js HTTP/1.1" 200 -
[09/Sep/2026 23:16:09] "GET /_astro/_commonjsHelpers.C0HnJYVl.js HTTP/1.1" 200 -
[09/Sep/2026 23:16:09] "GET /_astro/Router.BPj9U-nC.js HTTP/1.1" 200 -
[09/Sep/2026 23:16:09] "GET /_astro/client.CWebG0_l.js HTTP/1.1" 200 -
[09/Sep/2026 23:16:09] "GET /_astro/index.QbErGXhl.js HTTP/1.1" 200 -
[09/Sep/2026 23:16:09] "GET /media/216404_cdb7bfa69955412eb69f5756fe3d7ee4~mv2.jpg HTTP/1.1" 200 -
[09/Sep/2026 23:16:10] "GET /media/216404_de1db352e6914ada8f4e946fbc8349ec~mv2.jpg HTTP/1.1" 200 -
[09/Sep/2026 23:16:21] "GET /videos HTTP/1.1" 200 -
[09/Sep/2026 23:16:21] "GET /_astro/_slug_.BMRhjz4F.css HTTP/1.1" 200 -
[09/Sep/2026 23:16:21] "GET /__offline__/offline-shim.js HTTP/1.1" 200 -
[09/Sep/2026 23:16:21] "GET /_astro/entry.nm0Hktb4.css HTTP/1.1" 200 -
[09/Sep/2026 23:16:21] "GET /__offline__/data/properties.json HTTP/1.1" 200 -
[09/Sep/2026 23:16:21] "GET /_astro/page.Da4Tm9W1.js HTTP/1.1" 200 -
[09/Sep/2026 23:16:21] "GET /__offline__/data/propertyvideos.json HTTP/1.1" 200 -
[09/Sep/2026 23:16:21] "GET /__offline__/data/testimonials.json HTTP/1.1" 200 -
[09/Sep/2026 23:16:21] "GET /__offline__/data/featuredreels.json HTTP/1.1" 200 -
[09/Sep/2026 23:16:21] "GET /__offline__/data/blogposts.json HTTP/1.1" 200 -
[09/Sep/2026 23:16:21] "GET /__offline__/data/faq.json HTTP/1.1" 200 -
[09/Sep/2026 23:16:21] "GET /__offline__/data/propertyimages.json HTTP/1.1" 200 -
[09/Sep/2026 23:16:21] "GET /_astro/astro_scripts/before-hydration.js.Dh2kxll0.js HTTP/1.1" 200 -
[09/Sep/2026 23:16:22] "GET /_astro/setup.4cZrxQ76.js HTTP/1.1" 200 -
[09/Sep/2026 23:16:22] "GET /_astro/address.CihO0Mvv.js HTTP/1.1" 200 -
[09/Sep/2026 23:16:22] "GET /_astro/_commonjsHelpers.C0HnJYVl.js HTTP/1.1" 200 -
[09/Sep/2026 23:16:22] "GET /_astro/Router.BPj9U-nC.js HTTP/1.1" 200 -
[09/Sep/2026 23:16:22] "GET /_astro/client.CWebG0_l.js HTTP/1.1" 200 -
[09/Sep/2026 23:16:22] "GET /_astro/index.QbErGXhl.js HTTP/1.1" 200 -
[09/Sep/2026 23:16:22] "GET /media/216404_5e5713a6adad4dde972499f2165bfb64~mv2.png?originWidth=640&originHeight=640 HTTP/1.1" 200 -
[09/Sep/2026 23:16:23] "GET /media/216404_e740a65c81ba43668397c55ea8facac1~mv2.png?originWidth=640&originHeight=640 HTTP/1.1" 200 -
[09/Sep/2026 23:16:23] "GET /media/216404_573d079b77514653a525976826fca658~mv2.png?originWidth=640&originHeight=640 HTTP/1.1" 200 -
[09/Sep/2026 23:16:23] "GET /media/216404_d52b8e425a4c4ce3951de0a575d5abde~mv2.png?originWidth=640&originHeight=640 HTTP/1.1" 200 -
[09/Sep/2026 23:16:23] "GET /media/216404_e716f1ec688f44c88840b0b2bab466ad~mv2.png?originWidth=640&originHeight=640 HTTP/1.1" 200 -
[09/Sep/2026 23:16:23] "GET /media/216404_402c7cbb5bc14fa1a454d4dcec4a68a5~mv2.png?originWidth=640&originHeight=640 HTTP/1.1" 200 -
[09/Sep/2026 23:16:23] "GET /media/216404_cdb7bfa69955412eb69f5756fe3d7ee4~mv2.jpg HTTP/1.1" 200 -
[09/Sep/2026 23:16:23] "GET /media/216404_de1db352e6914ada8f4e946fbc8349ec~mv2.jpg HTTP/1.1" 200 -
[09/Sep/2026 23:16:23] "GET /media/216404_0ec19c0bf06b4f86bfb28a36fc3e62a1~mv2.png?originWidth=640&originHeight=640 HTTP/1.1" 200 -
[09/Sep/2026 23:16:23] "GET /media/216404_131742608e0d44ecbcf442635ed4b060~mv2.png?originWidth=640&originHeight=640 HTTP/1.1" 200 -
[09/Sep/2026 23:16:23] "GET /media/216404_b2f99824fcc04d8c8f09ed26ff53c704~mv2.png?originWidth=640&originHeight=640 HTTP/1.1" 200 -
[09/Sep/2026 23:16:23] "GET /media/216404_d8279617d45f4060ba5fa85003c2d1ee~mv2.png?originWidth=640&originHeight=640 HTTP/1.1" 200 -
[09/Sep/2026 23:16:34] "GET /blog HTTP/1.1" 200 -
[09/Sep/2026 23:16:34] "GET /_astro/entry.nm0Hktb4.css HTTP/1.1" 200 -
[09/Sep/2026 23:16:34] "GET /_astro/_slug_.BMRhjz4F.css HTTP/1.1" 200 -
[09/Sep/2026 23:16:34] "GET /__offline__/offline-shim.js HTTP/1.1" 200 -
[09/Sep/2026 23:16:34] "GET /__offline__/data/properties.json HTTP/1.1" 200 -
[09/Sep/2026 23:16:34] "GET /_astro/page.Da4Tm9W1.js HTTP/1.1" 200 -
[09/Sep/2026 23:16:34] "GET /__offline__/data/propertyvideos.json HTTP/1.1" 200 -
[09/Sep/2026 23:16:35] "GET /__offline__/data/featuredreels.json HTTP/1.1" 200 -
[09/Sep/2026 23:16:35] "GET /__offline__/data/testimonials.json HTTP/1.1" 200 -
[09/Sep/2026 23:16:35] "GET /__offline__/data/blogposts.json HTTP/1.1" 200 -
[09/Sep/2026 23:16:35] "GET /__offline__/data/propertyimages.json HTTP/1.1" 200 -
[09/Sep/2026 23:16:35] "GET /__offline__/data/faq.json HTTP/1.1" 200 -
[09/Sep/2026 23:16:35] "GET /_astro/astro_scripts/before-hydration.js.Dh2kxll0.js HTTP/1.1" 200 -
[09/Sep/2026 23:16:35] "GET /_astro/setup.4cZrxQ76.js HTTP/1.1" 200 -
[09/Sep/2026 23:16:35] "GET /_astro/address.CihO0Mvv.js HTTP/1.1" 200 -
[09/Sep/2026 23:16:35] "GET /_astro/_commonjsHelpers.C0HnJYVl.js HTTP/1.1" 200 -
[09/Sep/2026 23:16:35] "GET /_astro/Router.BPj9U-nC.js HTTP/1.1" 200 -
[09/Sep/2026 23:16:35] "GET /_astro/client.CWebG0_l.js HTTP/1.1" 200 -
[09/Sep/2026 23:16:35] "GET /_astro/index.QbErGXhl.js HTTP/1.1" 200 -
[09/Sep/2026 23:16:36] "GET /media/216404_6f4776b3d4b5438aa2725ac8ad1fded8~mv2.png?originWidth=640&originHeight=640 HTTP/1.1" 200 -
[09/Sep/2026 23:16:36] "GET /media/216404_7e7a2452a0be4e29b1868cd2b3b7dae7~mv2.png?originWidth=640&originHeight=640 HTTP/1.1" 200 -
[09/Sep/2026 23:16:36] "GET /media/216404_cdb7bfa69955412eb69f5756fe3d7ee4~mv2.jpg HTTP/1.1" 200 -
[09/Sep/2026 23:16:36] "GET /media/216404_99b65d8e4edf4d9ea8caf90e0a80662d~mv2.png?originWidth=640&originHeight=640 HTTP/1.1" 200 -
[09/Sep/2026 23:16:36] "GET /media/216404_de1db352e6914ada8f4e946fbc8349ec~mv2.jpg HTTP/1.1" 200 -
[09/Sep/2026 23:16:36] "GET /media/216404_5f7722e68d99447f9643b00d600c646d~mv2.png?originWidth=640&originHeight=640 HTTP/1.1" 200 -
[09/Sep/2026 23:16:36] "GET /media/216404_ff8f1ea23ce14c1da752be07f360d641~mv2.png?originWidth=640&originHeight=640 HTTP/1.1" 200 -
[09/Sep/2026 23:16:36] "GET /media/216404_b7b5b69e151b47ea86c040e4e14d5207~mv2.png?originWidth=640&originHeight=640 HTTP/1.1" 200 -
[09/Sep/2026 23:16:47] "GET /property/007e57c0-b818-4005-b8e2-3c67c9a26cb5 HTTP/1.1" 200 -
[09/Sep/2026 23:16:47] "GET /_astro/entry.nm0Hktb4.css HTTP/1.1" 200 -
[09/Sep/2026 23:16:47] "GET /_astro/_slug_.BMRhjz4F.css HTTP/1.1" 200 -
[09/Sep/2026 23:16:47] "GET /property/__offline__/offline-shim.js HTTP/1.1" 200 -
[09/Sep/2026 23:16:47] "GET /_astro/page.Da4Tm9W1.js HTTP/1.1" 200 -
[09/Sep/2026 23:16:47] "GET /property/__offline__/data/propertyvideos.json HTTP/1.1" 200 -
[09/Sep/2026 23:16:47] "GET /property/__offline__/data/properties.json HTTP/1.1" 200 -
[09/Sep/2026 23:16:48] "GET /property/__offline__/data/featuredreels.json HTTP/1.1" 200 -
[09/Sep/2026 23:16:48] "GET /property/__offline__/data/testimonials.json HTTP/1.1" 200 -
[09/Sep/2026 23:16:48] "GET /property/__offline__/data/blogposts.json HTTP/1.1" 200 -
[09/Sep/2026 23:16:48] "GET /property/__offline__/data/faq.json HTTP/1.1" 200 -
[09/Sep/2026 23:16:48] "GET /property/__offline__/data/propertyimages.json HTTP/1.1" 200 -
[09/Sep/2026 23:16:48] "GET /_astro/astro_scripts/before-hydration.js.Dh2kxll0.js HTTP/1.1" 200 -
[09/Sep/2026 23:16:48] "GET /_astro/setup.4cZrxQ76.js HTTP/1.1" 200 -
[09/Sep/2026 23:16:48] "GET /_astro/address.CihO0Mvv.js HTTP/1.1" 200 -
[09/Sep/2026 23:16:48] "GET /_astro/_commonjsHelpers.C0HnJYVl.js HTTP/1.1" 200 -
[09/Sep/2026 23:16:48] "GET /_astro/client.CWebG0_l.js HTTP/1.1" 200 -
[09/Sep/2026 23:16:48] "GET /_astro/Router.BPj9U-nC.js HTTP/1.1" 200 -
[09/Sep/2026 23:16:49] "GET /_astro/index.QbErGXhl.js HTTP/1.1" 200 -
----------------------------------------
Exception occurred during processing of request from ('127.0.0.1', 55479)
Traceback (most recent call last):
  File "C:\Users\roshh\AppData\Roaming\uv\python\cpython-3.11-windows-x86_64-none\Lib\socketserver.py", line 691, in process_request_thread
    self.finish_request(request, client_address)
  File "C:\Users\roshh\AppData\Roaming\uv\python\cpython-3.11-windows-x86_64-none\Lib\socketserver.py", line 361, in finish_request
    self.RequestHandlerClass(request, client_address, self)
  File "A:\projectssproperty\server.py", line 42, in __init__
    super().__init__(*a, directory=ROOT, **kw)
  File "C:\Users\roshh\AppData\Roaming\uv\python\cpython-3.11-windows-x86_64-none\Lib\http\server.py", line 675, in __init__
    super().__init__(*args, **kwargs)
  File "C:\Users\roshh\AppData\Roaming\uv\python\cpython-3.11-windows-x86_64-none\Lib\socketserver.py", line 755, in __init__
    self.handle()
  File "C:\Users\roshh\AppData\Roaming\uv\python\cpython-3.11-windows-x86_64-none\Lib\http\server.py", line 440, in handle
    self.handle_one_request()
  File "C:\Users\roshh\AppData\Roaming\uv\python\cpython-3.11-windows-x86_64-none\Lib\http\server.py", line 408, in handle_one_request
    self.raw_requestline = self.rfile.readline(65537)
                           ^^^^^^^^^^^^^^^^^^^^^^^^^^
  File "C:\Users\roshh\AppData\Roaming\uv\python\cpython-3.11-windows-x86_64-none\Lib\socket.py", line 718, in readinto
    return self._sock.recv_into(b)
           ^^^^^^^^^^^^^^^^^^^^^^^
ConnectionResetError: [WinError 10054] An existing connection was forcibly closed by the remote host
----------------------------------------
[10/Sep/2026 00:01:39] "GET / HTTP/1.1" 200 -
[10/Sep/2026 00:01:39] "GET /__offline__/boot.json HTTP/1.1" 200 -
[10/Sep/2026 00:01:39] "GET /__offline__/data/blogposts.json HTTP/1.1" 200 -
[10/Sep/2026 00:01:39] "GET /__offline__/offline-shim.js HTTP/1.1" 200 -
[10/Sep/2026 00:01:39] "GET /_astro/_slug_.BMRhjz4F.css HTTP/1.1" 200 -
[10/Sep/2026 00:01:39] "GET /_astro/page.Da4Tm9W1.js HTTP/1.1" 200 -
[10/Sep/2026 00:01:39] "GET /_astro/entry.nm0Hktb4.css HTTP/1.1" 200 -
[10/Sep/2026 00:01:39] "GET /__offline__/data/faq.json HTTP/1.1" 200 -
[10/Sep/2026 00:01:39] "GET /__offline__/data/featuredreels.json HTTP/1.1" 200 -
[10/Sep/2026 00:01:39] "GET /__offline__/data/properties.json HTTP/1.1" 200 -
[10/Sep/2026 00:01:40] "GET /__offline__/data/propertyimages.json HTTP/1.1" 200 -
[10/Sep/2026 00:01:40] "GET /__offline__/data/propertyvideos.json HTTP/1.1" 200 -
[10/Sep/2026 00:01:40] "GET /__offline__/data/testimonials.json HTTP/1.1" 200 -
[10/Sep/2026 00:01:40] "GET /_astro/astro_scripts/before-hydration.js.Dh2kxll0.js HTTP/1.1" 200 -
[10/Sep/2026 00:01:40] "GET /_astro/setup.4cZrxQ76.js HTTP/1.1" 200 -
[10/Sep/2026 00:01:40] "GET /_astro/address.CihO0Mvv.js HTTP/1.1" 200 -
[10/Sep/2026 00:01:40] "GET /_astro/_commonjsHelpers.C0HnJYVl.js HTTP/1.1" 200 -
[10/Sep/2026 00:01:40] "GET /_astro/Router.BPj9U-nC.js HTTP/1.1" 200 -
[10/Sep/2026 00:01:41] "GET /_astro/client.CWebG0_l.js HTTP/1.1" 200 -
[10/Sep/2026 00:01:41] "GET /favicon.ico HTTP/1.1" 200 -
[10/Sep/2026 00:01:41] "GET /_astro/index.QbErGXhl.js HTTP/1.1" 200 -
[10/Sep/2026 00:01:41] "GET /api/instagram-feed HTTP/1.1" 200 -
[10/Sep/2026 00:01:41] "GET /media/b/216404_97db3425711a4c47b7e323bcddf4e809~mv2.png HTTP/1.1" 200 -
[10/Sep/2026 00:01:41] "GET /media/b/216404_37832f9939cc42bf807f2f4c05a2de54~mv2.png HTTP/1.1" 200 -
[10/Sep/2026 00:01:41] "GET /media/b/216404_f65cc54333d24be5a89bdcee1dc23533~mv2.png HTTP/1.1" 200 -
[10/Sep/2026 00:01:41] "GET /media/b/216404_cdb7bfa69955412eb69f5756fe3d7ee4~mv2.jpg HTTP/1.1" 200 -
[10/Sep/2026 00:01:41] "GET /media/v/216404_90d216724e3248f28c690e727e262972~mv2.png/fill/w_532,h_896,al_c,q_90,enc_auto/216404_90d216724e3248f28c690e727e262972~mv2.png HTTP/1.1" 200 -
[10/Sep/2026 00:01:41] "GET /media/b/216404_9de56b8d718f451a8228d5eb070e81cf~mv2.png HTTP/1.1" 200 -
[10/Sep/2026 00:01:41] "GET /media/b/216404_9353e73c5618436f98728bfdb3f4af7f~mv2.png HTTP/1.1" 200 -
[10/Sep/2026 00:01:41] "GET /media/b/216404_c7a14c3ddf6a43eeadedd5140e908866~mv2.png HTTP/1.1" 200 -
[10/Sep/2026 00:01:41] "GET /media/b/216404_eec2b3792c3c41848a9055b7ada55ad2~mv2.png HTTP/1.1" 200 -
[10/Sep/2026 00:01:41] "GET /media/b/216404_945072a242df4460bb36d3642ca3a305~mv2.png HTTP/1.1" 200 -
[10/Sep/2026 00:01:41] "GET /media/v/216404_bb0cc8409e634537b1758829eda75be9~mv2.jpg/fill/w_411,h_1280,fp_0.25_0.26,q_85,enc_auto/216404_bb0cc8409e634537b1758829eda75be9~mv2.jpg HTTP/1.1" 200 -
[10/Sep/2026 00:01:42] "GET /media/b/216404_de1db352e6914ada8f4e946fbc8349ec~mv2.jpg HTTP/1.1" 200 -
[10/Sep/2026 00:01:42] "GET /media/b/216404_01ef989b744a4e21af0caff523ccdc17~mv2.png HTTP/1.1" 200 -
[10/Sep/2026 00:01:42] "GET /media/b/216404_758051d75de04bf4a1ff7541c3ebf540~mv2.png HTTP/1.1" 200 -
[10/Sep/2026 00:01:42] "GET /media/b/216404_4982358ca6444db39bebc135a3c88b0f~mv2.png HTTP/1.1" 200 -
[10/Sep/2026 00:01:42] "GET /media/b/216404_6f573b55ac774e19a392ac86bf84371d~mv2.png HTTP/1.1" 200 -
[10/Sep/2026 00:01:42] "GET /media/b/216404_93e622c0b36445cf809c43d22c068033~mv2.png HTTP/1.1" 200 -
[10/Sep/2026 00:01:42] "GET /media/b/216404_4f33e4e8c77b4f20b4d3038c3adc7c81~mv2.png HTTP/1.1" 200 -
[10/Sep/2026 00:01:42] "GET /media/b/216404_920f0d89c8904221b59e566899f37bbb~mv2.png HTTP/1.1" 200 -
[10/Sep/2026 00:01:56] "GET /properties HTTP/1.1" 200 -
[10/Sep/2026 00:01:56] "GET /__offline__/boot.json HTTP/1.1" 200 -
[10/Sep/2026 00:01:56] "GET /_astro/_slug_.BMRhjz4F.css HTTP/1.1" 200 -
[10/Sep/2026 00:01:56] "GET /_astro/entry.nm0Hktb4.css HTTP/1.1" 200 -
[10/Sep/2026 00:01:56] "GET /_astro/page.Da4Tm9W1.js HTTP/1.1" 200 -
[10/Sep/2026 00:01:56] "GET /__offline__/offline-shim.js HTTP/1.1" 200 -
[10/Sep/2026 00:01:56] "GET /__offline__/data/blogposts.json HTTP/1.1" 200 -
[10/Sep/2026 00:01:56] "GET /__offline__/data/faq.json HTTP/1.1" 200 -
[10/Sep/2026 00:01:56] "GET /__offline__/data/featuredreels.json HTTP/1.1" 200 -
[10/Sep/2026 00:01:56] "GET /__offline__/data/properties.json HTTP/1.1" 200 -
[10/Sep/2026 00:01:57] "GET /__offline__/data/propertyimages.json HTTP/1.1" 200 -
[10/Sep/2026 00:01:57] "GET /__offline__/data/propertyvideos.json HTTP/1.1" 200 -
[10/Sep/2026 00:01:57] "GET /__offline__/data/testimonials.json HTTP/1.1" 200 -
[10/Sep/2026 00:01:57] "GET /_astro/astro_scripts/before-hydration.js.Dh2kxll0.js HTTP/1.1" 200 -
[10/Sep/2026 00:01:57] "GET /_astro/setup.4cZrxQ76.js HTTP/1.1" 200 -
[10/Sep/2026 00:01:57] "GET /_astro/_commonjsHelpers.C0HnJYVl.js HTTP/1.1" 200 -
[10/Sep/2026 00:01:57] "GET /_astro/address.CihO0Mvv.js HTTP/1.1" 200 -
[10/Sep/2026 00:01:58] "GET /_astro/Router.BPj9U-nC.js HTTP/1.1" 200 -
[10/Sep/2026 00:01:58] "GET /_astro/client.CWebG0_l.js HTTP/1.1" 200 -
[10/Sep/2026 00:01:58] "GET /_astro/index.QbErGXhl.js HTTP/1.1" 200 -
[10/Sep/2026 00:01:58] "GET /media/b/216404_cdb7bfa69955412eb69f5756fe3d7ee4~mv2.jpg HTTP/1.1" 200 -
[10/Sep/2026 00:01:58] "GET /media/b/216404_de1db352e6914ada8f4e946fbc8349ec~mv2.jpg HTTP/1.1" 200 -
[10/Sep/2026 00:02:09] "GET /property/007e57c0-b818-4005-b8e2-3c67c9a26cb5 HTTP/1.1" 200 -
[10/Sep/2026 00:02:09] "GET /__offline__/boot.json HTTP/1.1" 200 -
[10/Sep/2026 00:02:09] "GET /__offline__/offline-shim.js HTTP/1.1" 200 -
[10/Sep/2026 00:02:09] "GET /_astro/entry.nm0Hktb4.css HTTP/1.1" 200 -
[10/Sep/2026 00:02:09] "GET /_astro/page.Da4Tm9W1.js HTTP/1.1" 200 -
[10/Sep/2026 00:02:09] "GET /_astro/_slug_.BMRhjz4F.css HTTP/1.1" 200 -
[10/Sep/2026 00:02:09] "GET /__offline__/data/blogposts.json HTTP/1.1" 200 -
[10/Sep/2026 00:02:09] "GET /__offline__/data/faq.json HTTP/1.1" 200 -
[10/Sep/2026 00:02:09] "GET /__offline__/data/featuredreels.json HTTP/1.1" 200 -
[10/Sep/2026 00:02:09] "GET /__offline__/data/properties.json HTTP/1.1" 200 -
[10/Sep/2026 00:02:10] "GET /__offline__/data/propertyimages.json HTTP/1.1" 200 -
[10/Sep/2026 00:02:10] "GET /__offline__/data/propertyvideos.json HTTP/1.1" 200 -
[10/Sep/2026 00:02:10] "GET /__offline__/data/testimonials.json HTTP/1.1" 200 -
[10/Sep/2026 00:02:10] "GET /_astro/astro_scripts/before-hydration.js.Dh2kxll0.js HTTP/1.1" 200 -
[10/Sep/2026 00:02:10] "GET /_astro/setup.4cZrxQ76.js HTTP/1.1" 200 -
[10/Sep/2026 00:02:10] "GET /_astro/address.CihO0Mvv.js HTTP/1.1" 200 -
[10/Sep/2026 00:02:10] "GET /_astro/_commonjsHelpers.C0HnJYVl.js HTTP/1.1" 200 -
[10/Sep/2026 00:02:10] "GET /_astro/Router.BPj9U-nC.js HTTP/1.1" 200 -
[10/Sep/2026 00:02:11] "GET /_astro/client.CWebG0_l.js HTTP/1.1" 200 -
[10/Sep/2026 00:02:11] "GET /_astro/index.QbErGXhl.js HTTP/1.1" 200 -
[10/Sep/2026 00:02:11] "GET /property/media/b/216404_cdb7bfa69955412eb69f5756fe3d7ee4~mv2.jpg HTTP/1.1" 200 -
[10/Sep/2026 00:02:11] "GET /property/media/b/216404_de1db352e6914ada8f4e946fbc8349ec~mv2.jpg HTTP/1.1" 200 -
[10/Sep/2026 00:02:21] "GET /blog/47ea5159-5508-4052-b1fb-a66a72c23994 HTTP/1.1" 200 -
[10/Sep/2026 00:02:22] "GET /__offline__/boot.json HTTP/1.1" 200 -
[10/Sep/2026 00:02:22] "GET /_astro/page.Da4Tm9W1.js HTTP/1.1" 200 -
[10/Sep/2026 00:02:22] "GET /_astro/entry.nm0Hktb4.css HTTP/1.1" 200 -
[10/Sep/2026 00:02:22] "GET /_astro/_slug_.BMRhjz4F.css HTTP/1.1" 200 -
[10/Sep/2026 00:02:22] "GET /__offline__/offline-shim.js HTTP/1.1" 200 -
[10/Sep/2026 00:02:22] "GET /__offline__/data/blogposts.json HTTP/1.1" 200 -
[10/Sep/2026 00:02:22] "GET /__offline__/data/faq.json HTTP/1.1" 200 -
[10/Sep/2026 00:02:22] "GET /__offline__/data/featuredreels.json HTTP/1.1" 200 -
[10/Sep/2026 00:02:22] "GET /__offline__/data/properties.json HTTP/1.1" 200 -
[10/Sep/2026 00:02:23] "GET /__offline__/data/propertyimages.json HTTP/1.1" 200 -
[10/Sep/2026 00:02:23] "GET /__offline__/data/propertyvideos.json HTTP/1.1" 200 -
[10/Sep/2026 00:02:23] "GET /__offline__/data/testimonials.json HTTP/1.1" 200 -
[10/Sep/2026 00:02:23] "GET /_astro/astro_scripts/before-hydration.js.Dh2kxll0.js HTTP/1.1" 200 -
[10/Sep/2026 00:02:23] "GET /_astro/_commonjsHelpers.C0HnJYVl.js HTTP/1.1" 200 -
[10/Sep/2026 00:02:23] "GET /_astro/address.CihO0Mvv.js HTTP/1.1" 200 -
[10/Sep/2026 00:02:23] "GET /_astro/setup.4cZrxQ76.js HTTP/1.1" 200 -
[10/Sep/2026 00:02:23] "GET /_astro/Router.BPj9U-nC.js HTTP/1.1" 200 -
[10/Sep/2026 00:02:24] "GET /_astro/client.CWebG0_l.js HTTP/1.1" 200 -
[10/Sep/2026 00:02:24] "GET /_astro/index.QbErGXhl.js HTTP/1.1" 200 -
[10/Sep/2026 00:02:24] "GET /blog/media/b/216404_de1db352e6914ada8f4e946fbc8349ec~mv2.jpg HTTP/1.1" 200 -
[10/Sep/2026 00:02:24] "GET /blog/media/b/216404_cdb7bfa69955412eb69f5756fe3d7ee4~mv2.jpg HTTP/1.1" 200 -
[10/Sep/2026 00:02:24] "GET /blog/media/b/216404_ff8f1ea23ce14c1da752be07f360d641~mv2.png?originWidth=640&originHeight=640 HTTP/1.1" 200 -
[10/Sep/2026 00:02:24] "GET /blog/media/b/12d367_4f26ccd17f8f4e3a8958306ea08c2332~mv2.png HTTP/1.1" 200 -
[10/Sep/2026 00:02:34] "GET /videos HTTP/1.1" 200 -
[10/Sep/2026 00:02:34] "GET /__offline__/boot.json HTTP/1.1" 200 -
[10/Sep/2026 00:02:34] "GET /_astro/entry.nm0Hktb4.css HTTP/1.1" 200 -
[10/Sep/2026 00:02:34] "GET /_astro/_slug_.BMRhjz4F.css HTTP/1.1" 200 -
[10/Sep/2026 00:02:34] "GET /_astro/page.Da4Tm9W1.js HTTP/1.1" 200 -
[10/Sep/2026 00:02:34] "GET /__offline__/offline-shim.js HTTP/1.1" 200 -
[10/Sep/2026 00:02:35] "GET /__offline__/data/blogposts.json HTTP/1.1" 200 -
[10/Sep/2026 00:02:35] "GET /__offline__/data/faq.json HTTP/1.1" 200 -
[10/Sep/2026 00:02:35] "GET /__offline__/data/featuredreels.json HTTP/1.1" 200 -
[10/Sep/2026 00:02:35] "GET /__offline__/data/properties.json HTTP/1.1" 200 -
[10/Sep/2026 00:02:35] "GET /__offline__/data/propertyimages.json HTTP/1.1" 200 -
[10/Sep/2026 00:02:35] "GET /__offline__/data/propertyvideos.json HTTP/1.1" 200 -
[10/Sep/2026 00:02:36] "GET /__offline__/data/testimonials.json HTTP/1.1" 200 -
[10/Sep/2026 00:02:36] "GET /_astro/astro_scripts/before-hydration.js.Dh2kxll0.js HTTP/1.1" 200 -
[10/Sep/2026 00:02:36] "GET /_astro/setup.4cZrxQ76.js HTTP/1.1" 200 -
[10/Sep/2026 00:02:36] "GET /_astro/_commonjsHelpers.C0HnJYVl.js HTTP/1.1" 200 -
[10/Sep/2026 00:02:36] "GET /_astro/address.CihO0Mvv.js HTTP/1.1" 200 -
[10/Sep/2026 00:02:36] "GET /_astro/Router.BPj9U-nC.js HTTP/1.1" 200 -
[10/Sep/2026 00:02:36] "GET /_astro/client.CWebG0_l.js HTTP/1.1" 200 -
[10/Sep/2026 00:02:36] "GET /_astro/index.QbErGXhl.js HTTP/1.1" 200 -
[10/Sep/2026 00:02:37] "GET /media/b/216404_0ec19c0bf06b4f86bfb28a36fc3e62a1~mv2.png?originWidth=640&originHeight=640 HTTP/1.1" 200 -
[10/Sep/2026 00:02:37] "GET /media/b/216404_573d079b77514653a525976826fca658~mv2.png?originWidth=640&originHeight=640 HTTP/1.1" 200 -
[10/Sep/2026 00:02:37] "GET /media/b/216404_b2f99824fcc04d8c8f09ed26ff53c704~mv2.png?originWidth=640&originHeight=640 HTTP/1.1" 200 -
[10/Sep/2026 00:02:37] "GET /media/b/216404_131742608e0d44ecbcf442635ed4b060~mv2.png?originWidth=640&originHeight=640 HTTP/1.1" 200 -
[10/Sep/2026 00:02:37] "GET /media/b/216404_d8279617d45f4060ba5fa85003c2d1ee~mv2.png?originWidth=640&originHeight=640 HTTP/1.1" 200 -
[10/Sep/2026 00:02:37] "GET /media/b/216404_5e5713a6adad4dde972499f2165bfb64~mv2.png?originWidth=640&originHeight=640 HTTP/1.1" 200 -
[10/Sep/2026 00:02:37] "GET /media/b/216404_cdb7bfa69955412eb69f5756fe3d7ee4~mv2.jpg HTTP/1.1" 200 -
[10/Sep/2026 00:02:37] "GET /media/b/216404_de1db352e6914ada8f4e946fbc8349ec~mv2.jpg HTTP/1.1" 200 -
[10/Sep/2026 00:02:37] "GET /media/b/216404_e716f1ec688f44c88840b0b2bab466ad~mv2.png?originWidth=640&originHeight=640 HTTP/1.1" 200 -
[10/Sep/2026 00:02:37] "GET /media/b/216404_d52b8e425a4c4ce3951de0a575d5abde~mv2.png?originWidth=640&originHeight=640 HTTP/1.1" 200 -
[10/Sep/2026 00:02:37] "GET /media/b/216404_e740a65c81ba43668397c55ea8facac1~mv2.png?originWidth=640&originHeight=640 HTTP/1.1" 200 -
[10/Sep/2026 00:02:37] "GET /media/b/216404_402c7cbb5bc14fa1a454d4dcec4a68a5~mv2.png?originWidth=640&originHeight=640 HTTP/1.1" 200 -
[10/Sep/2026 00:03:28] "GET / HTTP/1.1" 200 -
[10/Sep/2026 00:03:28] "GET /__offline__/boot.json HTTP/1.1" 200 -
[10/Sep/2026 00:03:28] "GET /__offline__/data/blogposts.json HTTP/1.1" 200 -
[10/Sep/2026 00:03:28] "GET /_astro/page.Da4Tm9W1.js HTTP/1.1" 200 -
[10/Sep/2026 00:03:28] "GET /_astro/_slug_.BMRhjz4F.css HTTP/1.1" 200 -
[10/Sep/2026 00:03:28] "GET /_astro/entry.nm0Hktb4.css HTTP/1.1" 200 -
[10/Sep/2026 00:03:28] "GET /__offline__/offline-shim.js HTTP/1.1" 200 -
[10/Sep/2026 00:03:28] "GET /__offline__/data/faq.json HTTP/1.1" 200 -
[10/Sep/2026 00:03:28] "GET /__offline__/data/featuredreels.json HTTP/1.1" 200 -
[10/Sep/2026 00:03:29] "GET /__offline__/data/properties.json HTTP/1.1" 200 -
[10/Sep/2026 00:03:29] "GET /__offline__/data/propertyimages.json HTTP/1.1" 200 -
[10/Sep/2026 00:03:29] "GET /__offline__/data/propertyvideos.json HTTP/1.1" 200 -
[10/Sep/2026 00:03:29] "GET /__offline__/data/testimonials.json HTTP/1.1" 200 -
[10/Sep/2026 00:03:29] "GET /_astro/astro_scripts/before-hydration.js.Dh2kxll0.js HTTP/1.1" 200 -
[10/Sep/2026 00:03:29] "GET /_astro/setup.4cZrxQ76.js HTTP/1.1" 200 -
[10/Sep/2026 00:03:29] "GET /_astro/address.CihO0Mvv.js HTTP/1.1" 200 -
[10/Sep/2026 00:03:29] "GET /_astro/_commonjsHelpers.C0HnJYVl.js HTTP/1.1" 200 -
[10/Sep/2026 00:03:29] "GET /_astro/Router.BPj9U-nC.js HTTP/1.1" 200 -
[10/Sep/2026 00:03:30] "GET /_astro/client.CWebG0_l.js HTTP/1.1" 200 -
[10/Sep/2026 00:03:30] "GET /favicon.ico HTTP/1.1" 200 -
[10/Sep/2026 00:03:30] "GET /_astro/index.QbErGXhl.js HTTP/1.1" 200 -
[10/Sep/2026 00:03:30] "GET /api/instagram-feed HTTP/1.1" 200 -
[10/Sep/2026 00:03:30] "GET /media/b/216404_cdb7bfa69955412eb69f5756fe3d7ee4~mv2.jpg HTTP/1.1" 200 -
[10/Sep/2026 00:03:30] "GET /media/b/216404_37832f9939cc42bf807f2f4c05a2de54~mv2.png HTTP/1.1" 200 -
[10/Sep/2026 00:03:30] "GET /media/b/216404_97db3425711a4c47b7e323bcddf4e809~mv2.png HTTP/1.1" 200 -
[10/Sep/2026 00:03:30] "GET /media/b/216404_f65cc54333d24be5a89bdcee1dc23533~mv2.png HTTP/1.1" 200 -
[10/Sep/2026 00:03:30] "GET /media/b/216404_90d216724e3248f28c690e727e262972~mv2.png HTTP/1.1" 200 -
[10/Sep/2026 00:03:30] "GET /media/b/216404_9de56b8d718f451a8228d5eb070e81cf~mv2.png HTTP/1.1" 200 -
[10/Sep/2026 00:03:30] "GET /media/b/216404_945072a242df4460bb36d3642ca3a305~mv2.png HTTP/1.1" 200 -
[10/Sep/2026 00:03:30] "GET /media/b/216404_c7a14c3ddf6a43eeadedd5140e908866~mv2.png HTTP/1.1" 200 -
[10/Sep/2026 00:03:30] "GET /media/b/216404_eec2b3792c3c41848a9055b7ada55ad2~mv2.png HTTP/1.1" 200 -
[10/Sep/2026 00:03:30] "GET /media/b/216404_9353e73c5618436f98728bfdb3f4af7f~mv2.png HTTP/1.1" 200 -
[10/Sep/2026 00:03:30] "GET /media/b/216404_bb0cc8409e634537b1758829eda75be9~mv2.jpg HTTP/1.1" 200 -
[10/Sep/2026 00:03:31] "GET /media/b/216404_01ef989b744a4e21af0caff523ccdc17~mv2.png HTTP/1.1" 200 -
[10/Sep/2026 00:03:31] "GET /media/b/216404_4982358ca6444db39bebc135a3c88b0f~mv2.png HTTP/1.1" 200 -
[10/Sep/2026 00:03:31] "GET /media/b/216404_de1db352e6914ada8f4e946fbc8349ec~mv2.jpg HTTP/1.1" 200 -
[10/Sep/2026 00:03:31] "GET /media/b/216404_758051d75de04bf4a1ff7541c3ebf540~mv2.png HTTP/1.1" 200 -
[10/Sep/2026 00:03:31] "GET /media/b/216404_93e622c0b36445cf809c43d22c068033~mv2.png HTTP/1.1" 200 -
[10/Sep/2026 00:03:31] "GET /media/b/216404_6f573b55ac774e19a392ac86bf84371d~mv2.png HTTP/1.1" 200 -
[10/Sep/2026 00:03:31] "GET /media/b/216404_4f33e4e8c77b4f20b4d3038c3adc7c81~mv2.png HTTP/1.1" 200 -
[10/Sep/2026 00:03:31] "GET /media/b/216404_920f0d89c8904221b59e566899f37bbb~mv2.png HTTP/1.1" 200 -
[10/Sep/2026 00:03:37] "GET /blog/47ea5159-5508-4052-b1fb-a66a72c23994 HTTP/1.1" 200 -
[10/Sep/2026 00:03:37] "GET /__offline__/boot.json HTTP/1.1" 200 -
[10/Sep/2026 00:03:37] "GET /__offline__/offline-shim.js HTTP/1.1" 200 -
[10/Sep/2026 00:03:37] "GET /_astro/entry.nm0Hktb4.css HTTP/1.1" 200 -
[10/Sep/2026 00:03:37] "GET /_astro/_slug_.BMRhjz4F.css HTTP/1.1" 200 -
[10/Sep/2026 00:03:37] "GET /_astro/page.Da4Tm9W1.js HTTP/1.1" 200 -
[10/Sep/2026 00:03:37] "GET /__offline__/data/blogposts.json HTTP/1.1" 200 -
[10/Sep/2026 00:03:37] "GET /__offline__/data/faq.json HTTP/1.1" 200 -
[10/Sep/2026 00:03:38] "GET /__offline__/data/featuredreels.json HTTP/1.1" 200 -
[10/Sep/2026 00:03:38] "GET /__offline__/data/properties.json HTTP/1.1" 200 -
[10/Sep/2026 00:03:38] "GET /__offline__/data/propertyimages.json HTTP/1.1" 200 -
[10/Sep/2026 00:03:38] "GET /__offline__/data/propertyvideos.json HTTP/1.1" 200 -
[10/Sep/2026 00:03:38] "GET /__offline__/data/testimonials.json HTTP/1.1" 200 -
[10/Sep/2026 00:03:38] "GET /_astro/astro_scripts/before-hydration.js.Dh2kxll0.js HTTP/1.1" 200 -
[10/Sep/2026 00:03:39] "GET /_astro/address.CihO0Mvv.js HTTP/1.1" 200 -
[10/Sep/2026 00:03:39] "GET /_astro/setup.4cZrxQ76.js HTTP/1.1" 200 -
[10/Sep/2026 00:03:39] "GET /_astro/_commonjsHelpers.C0HnJYVl.js HTTP/1.1" 200 -
[10/Sep/2026 00:03:39] "GET /_astro/Router.BPj9U-nC.js HTTP/1.1" 200 -
[10/Sep/2026 00:03:39] "GET /_astro/client.CWebG0_l.js HTTP/1.1" 200 -
[10/Sep/2026 00:03:39] "GET /_astro/index.QbErGXhl.js HTTP/1.1" 200 -
[10/Sep/2026 00:03:39] "GET /blog/media/b/216404_de1db352e6914ada8f4e946fbc8349ec~mv2.jpg HTTP/1.1" 200 -
[10/Sep/2026 00:03:39] "GET /blog/media/b/216404_cdb7bfa69955412eb69f5756fe3d7ee4~mv2.jpg HTTP/1.1" 200 -
[10/Sep/2026 00:03:39] "GET /blog/media/b/216404_ff8f1ea23ce14c1da752be07f360d641~mv2.png?originWidth=640&originHeight=640 HTTP/1.1" 200 -
[10/Sep/2026 00:03:40] "GET /blog/media/b/12d367_4f26ccd17f8f4e3a8958306ea08c2332~mv2.png HTTP/1.1" 200 -
[10/Sep/2026 00:03:46] "GET /properties HTTP/1.1" 200 -
[10/Sep/2026 00:03:46] "GET /__offline__/boot.json HTTP/1.1" 200 -
[10/Sep/2026 00:03:46] "GET /__offline__/offline-shim.js HTTP/1.1" 200 -
[10/Sep/2026 00:03:46] "GET /_astro/_slug_.BMRhjz4F.css HTTP/1.1" 200 -
[10/Sep/2026 00:03:46] "GET /_astro/entry.nm0Hktb4.css HTTP/1.1" 200 -
[10/Sep/2026 00:03:46] "GET /_astro/page.Da4Tm9W1.js HTTP/1.1" 200 -
[10/Sep/2026 00:03:46] "GET /__offline__/data/blogposts.json HTTP/1.1" 200 -
[10/Sep/2026 00:03:46] "GET /__offline__/data/faq.json HTTP/1.1" 200 -
[10/Sep/2026 00:03:47] "GET /__offline__/data/featuredreels.json HTTP/1.1" 200 -
[10/Sep/2026 00:03:47] "GET /__offline__/data/properties.json HTTP/1.1" 200 -
[10/Sep/2026 00:03:47] "GET /__offline__/data/propertyimages.json HTTP/1.1" 200 -
[10/Sep/2026 00:03:47] "GET /__offline__/data/propertyvideos.json HTTP/1.1" 200 -
[10/Sep/2026 00:03:47] "GET /__offline__/data/testimonials.json HTTP/1.1" 200 -
[10/Sep/2026 00:03:47] "GET /_astro/astro_scripts/before-hydration.js.Dh2kxll0.js HTTP/1.1" 200 -
[10/Sep/2026 00:03:48] "GET /_astro/setup.4cZrxQ76.js HTTP/1.1" 200 -
[10/Sep/2026 00:03:48] "GET /_astro/address.CihO0Mvv.js HTTP/1.1" 200 -
[10/Sep/2026 00:03:48] "GET /_astro/_commonjsHelpers.C0HnJYVl.js HTTP/1.1" 200 -
[10/Sep/2026 00:03:48] "GET /_astro/Router.BPj9U-nC.js HTTP/1.1" 200 -
[10/Sep/2026 00:03:48] "GET /_astro/client.CWebG0_l.js HTTP/1.1" 200 -
[10/Sep/2026 00:03:48] "GET /_astro/index.QbErGXhl.js HTTP/1.1" 200 -
[10/Sep/2026 00:03:48] "GET /media/b/216404_cdb7bfa69955412eb69f5756fe3d7ee4~mv2.jpg HTTP/1.1" 200 -
[10/Sep/2026 00:03:48] "GET /media/b/216404_de1db352e6914ada8f4e946fbc8349ec~mv2.jpg HTTP/1.1" 200 -
----------------------------------------
Exception occurred during processing of request from ('127.0.0.1', 60890)
Traceback (most recent call last):
  File "C:\Users\roshh\AppData\Roaming\uv\python\cpython-3.11-windows-x86_64-none\Lib\socketserver.py", line 691, in process_request_thread
    self.finish_request(request, client_address)
  File "C:\Users\roshh\AppData\Roaming\uv\python\cpython-3.11-windows-x86_64-none\Lib\socketserver.py", line 361, in finish_request
    self.RequestHandlerClass(request, client_address, self)
  File "A:\projectssproperty\server.py", line 42, in __init__
    super().__init__(*a, directory=ROOT, **kw)
  File "C:\Users\roshh\AppData\Roaming\uv\python\cpython-3.11-windows-x86_64-none\Lib\http\server.py", line 675, in __init__
    super().__init__(*args, **kwargs)
  File "C:\Users\roshh\AppData\Roaming\uv\python\cpython-3.11-windows-x86_64-none\Lib\socketserver.py", line 755, in __init__
    self.handle()
  File "C:\Users\roshh\AppData\Roaming\uv\python\cpython-3.11-windows-x86_64-none\Lib\http\server.py", line 440, in handle
    self.handle_one_request()
  File "C:\Users\roshh\AppData\Roaming\uv\python\cpython-3.11-windows-x86_64-none\Lib\http\server.py", line 408, in handle_one_request
    self.raw_requestline = self.rfile.readline(65537)
                           ^^^^^^^^^^^^^^^^^^^^^^^^^^
  File "C:\Users\roshh\AppData\Roaming\uv\python\cpython-3.11-windows-x86_64-none\Lib\socket.py", line 718, in readinto
    return self._sock.recv_into(b)
           ^^^^^^^^^^^^^^^^^^^^^^^
ConnectionResetError: [WinError 10054] An existing connection was forcibly closed by the remote host
----------------------------------------
[10/Sep/2026 00:05:56] "GET / HTTP/1.1" 200 -
[10/Sep/2026 00:05:56] "GET /__offline__/boot.json HTTP/1.1" 200 -
[10/Sep/2026 00:05:56] "GET /__offline__/data/blogposts.json HTTP/1.1" 200 -
[10/Sep/2026 00:05:56] "GET /__offline__/offline-shim.js HTTP/1.1" 200 -
[10/Sep/2026 00:05:56] "GET /_astro/_slug_.BMRhjz4F.css HTTP/1.1" 200 -
[10/Sep/2026 00:05:56] "GET /_astro/entry.nm0Hktb4.css HTTP/1.1" 200 -
[10/Sep/2026 00:05:56] "GET /_astro/page.Da4Tm9W1.js HTTP/1.1" 200 -
[10/Sep/2026 00:05:56] "GET /__offline__/data/faq.json HTTP/1.1" 200 -
[10/Sep/2026 00:05:56] "GET /__offline__/data/featuredreels.json HTTP/1.1" 200 -
[10/Sep/2026 00:05:56] "GET /__offline__/data/properties.json HTTP/1.1" 200 -
[10/Sep/2026 00:05:57] "GET /__offline__/data/propertyimages.json HTTP/1.1" 200 -
[10/Sep/2026 00:05:57] "GET /__offline__/data/propertyvideos.json HTTP/1.1" 200 -
[10/Sep/2026 00:05:57] "GET /__offline__/data/testimonials.json HTTP/1.1" 200 -
[10/Sep/2026 00:05:57] "GET /_astro/astro_scripts/before-hydration.js.Dh2kxll0.js HTTP/1.1" 200 -
[10/Sep/2026 00:05:57] "GET /_astro/_commonjsHelpers.C0HnJYVl.js HTTP/1.1" 200 -
[10/Sep/2026 00:05:57] "GET /_astro/setup.4cZrxQ76.js HTTP/1.1" 200 -
[10/Sep/2026 00:05:57] "GET /parastorage/services/cookie-consent-policy-client/1.983.0/headlessApp.bundle.min.js HTTP/1.1" 200 -
[10/Sep/2026 00:05:57] "GET /_astro/address.CihO0Mvv.js HTTP/1.1" 200 -
[10/Sep/2026 00:05:57] "GET /parastorage/services/site-consent-policy/1.10.0/site-consent-policy.umd.min.js HTTP/1.1" 200 -
[10/Sep/2026 00:05:57] "GET /_astro/Router.BPj9U-nC.js HTTP/1.1" 200 -
[10/Sep/2026 00:05:58] "GET /_astro/client.CWebG0_l.js HTTP/1.1" 200 -
[10/Sep/2026 00:05:58] "GET /parastorage/services/site-bi/1.17.0/site-bi.umd.min.js HTTP/1.1" 200 -
[10/Sep/2026 00:05:58] "GET /_astro/index.QbErGXhl.js HTTP/1.1" 200 -
[10/Sep/2026 00:05:58] "GET /parastorage/services/site-analytics/1.14.0/site-analytics.umd.min.js HTTP/1.1" 200 -
[10/Sep/2026 00:05:58] "GET /api/instagram-feed HTTP/1.1" 200 -
[10/Sep/2026 00:05:58] "GET /parastorage/services/tag-manager-client/1.1075.0/siteTags.bundle.min.js HTTP/1.1" 200 -
[10/Sep/2026 00:05:58] "GET /media/b/216404_cdb7bfa69955412eb69f5756fe3d7ee4~mv2.jpg HTTP/1.1" 200 -
[10/Sep/2026 00:05:58] "GET /media/b/216404_f65cc54333d24be5a89bdcee1dc23533~mv2.png HTTP/1.1" 200 -
[10/Sep/2026 00:05:58] "GET /media/b/216404_97db3425711a4c47b7e323bcddf4e809~mv2.png HTTP/1.1" 200 -
[10/Sep/2026 00:05:58] "GET /media/b/216404_37832f9939cc42bf807f2f4c05a2de54~mv2.png HTTP/1.1" 200 -
[10/Sep/2026 00:05:58] "GET /media/b/216404_9de56b8d718f451a8228d5eb070e81cf~mv2.png HTTP/1.1" 200 -
[10/Sep/2026 00:05:58] "GET /media/b/216404_945072a242df4460bb36d3642ca3a305~mv2.png HTTP/1.1" 200 -
[10/Sep/2026 00:05:58] "GET /media/b/216404_c7a14c3ddf6a43eeadedd5140e908866~mv2.png HTTP/1.1" 200 -
[10/Sep/2026 00:05:58] "GET /media/b/216404_9353e73c5618436f98728bfdb3f4af7f~mv2.png HTTP/1.1" 200 -
[10/Sep/2026 00:05:58] "GET /media/b/216404_eec2b3792c3c41848a9055b7ada55ad2~mv2.png HTTP/1.1" 200 -
[10/Sep/2026 00:05:58] "GET /media/b/216404_de1db352e6914ada8f4e946fbc8349ec~mv2.jpg HTTP/1.1" 200 -
[10/Sep/2026 00:05:58] "GET /media/b/216404_4982358ca6444db39bebc135a3c88b0f~mv2.png HTTP/1.1" 200 -
[10/Sep/2026 00:05:59] "GET /media/b/216404_758051d75de04bf4a1ff7541c3ebf540~mv2.png HTTP/1.1" 200 -
[10/Sep/2026 00:05:59] "GET /media/b/216404_01ef989b744a4e21af0caff523ccdc17~mv2.png HTTP/1.1" 200 -
[10/Sep/2026 00:05:59] "GET /media/b/216404_93e622c0b36445cf809c43d22c068033~mv2.png HTTP/1.1" 200 -
[10/Sep/2026 00:05:59] "GET /media/b/216404_6f573b55ac774e19a392ac86bf84371d~mv2.png HTTP/1.1" 200 -
[10/Sep/2026 00:05:59] "GET /media/b/216404_4f33e4e8c77b4f20b4d3038c3adc7c81~mv2.png HTTP/1.1" 200 -
[10/Sep/2026 00:05:59] "GET /media/b/216404_920f0d89c8904221b59e566899f37bbb~mv2.png HTTP/1.1" 200 -
[10/Sep/2026 00:05:59] "GET /favicon.ico HTTP/1.1" 200 -
[10/Sep/2026 00:06:12] "GET /properties HTTP/1.1" 200 -
[10/Sep/2026 00:06:13] "GET /__offline__/offline-shim.js HTTP/1.1" 200 -
[10/Sep/2026 00:06:13] "GET /_astro/entry.nm0Hktb4.css HTTP/1.1" 200 -
[10/Sep/2026 00:06:13] "GET /_astro/page.Da4Tm9W1.js HTTP/1.1" 200 -
[10/Sep/2026 00:06:13] "GET /__offline__/boot.json HTTP/1.1" 200 -
[10/Sep/2026 00:06:13] "GET /_astro/_slug_.BMRhjz4F.css HTTP/1.1" 200 -
[10/Sep/2026 00:06:13] "GET /__offline__/data/blogposts.json HTTP/1.1" 200 -
[10/Sep/2026 00:06:13] "GET /__offline__/data/faq.json HTTP/1.1" 200 -
[10/Sep/2026 00:06:13] "GET /__offline__/data/featuredreels.json HTTP/1.1" 200 -
[10/Sep/2026 00:06:13] "GET /__offline__/data/properties.json HTTP/1.1" 200 -
[10/Sep/2026 00:06:14] "GET /__offline__/data/propertyimages.json HTTP/1.1" 200 -
[10/Sep/2026 00:06:14] "GET /__offline__/data/propertyvideos.json HTTP/1.1" 200 -
[10/Sep/2026 00:06:14] "GET /__offline__/data/testimonials.json HTTP/1.1" 200 -
[10/Sep/2026 00:06:14] "GET /_astro/astro_scripts/before-hydration.js.Dh2kxll0.js HTTP/1.1" 200 -
[10/Sep/2026 00:06:14] "GET /_astro/setup.4cZrxQ76.js HTTP/1.1" 200 -
[10/Sep/2026 00:06:14] "GET /_astro/address.CihO0Mvv.js HTTP/1.1" 200 -
[10/Sep/2026 00:06:14] "GET /parastorage/services/site-consent-policy/1.10.0/site-consent-policy.umd.min.js HTTP/1.1" 200 -
[10/Sep/2026 00:06:14] "GET /_astro/_commonjsHelpers.C0HnJYVl.js HTTP/1.1" 200 -
[10/Sep/2026 00:06:14] "GET /parastorage/services/cookie-consent-policy-client/1.983.0/headlessApp.bundle.min.js HTTP/1.1" 200 -
[10/Sep/2026 00:06:14] "GET /_astro/Router.BPj9U-nC.js HTTP/1.1" 200 -
[10/Sep/2026 00:06:15] "GET /_astro/index.QbErGXhl.js HTTP/1.1" 200 -
[10/Sep/2026 00:06:15] "GET /_astro/client.CWebG0_l.js HTTP/1.1" 200 -
[10/Sep/2026 00:06:15] "GET /parastorage/services/site-analytics/1.14.0/site-analytics.umd.min.js HTTP/1.1" 200 -
[10/Sep/2026 00:06:15] "GET /parastorage/services/site-bi/1.17.0/site-bi.umd.min.js HTTP/1.1" 200 -
[10/Sep/2026 00:06:15] "GET /parastorage/services/tag-manager-client/1.1075.0/siteTags.bundle.min.js HTTP/1.1" 200 -
[10/Sep/2026 00:06:15] "GET /media/b/216404_cdb7bfa69955412eb69f5756fe3d7ee4~mv2.jpg HTTP/1.1" 200 -
[10/Sep/2026 00:06:15] "GET /media/b/216404_de1db352e6914ada8f4e946fbc8349ec~mv2.jpg HTTP/1.1" 200 -
[10/Sep/2026 00:06:26] "GET /videos HTTP/1.1" 200 -
[10/Sep/2026 00:06:26] "GET /__offline__/boot.json HTTP/1.1" 200 -
[10/Sep/2026 00:06:26] "GET /__offline__/data/blogposts.json HTTP/1.1" 200 -
[10/Sep/2026 00:06:26] "GET /_astro/entry.nm0Hktb4.css HTTP/1.1" 200 -
[10/Sep/2026 00:06:26] "GET /__offline__/offline-shim.js HTTP/1.1" 200 -
[10/Sep/2026 00:06:26] "GET /_astro/page.Da4Tm9W1.js HTTP/1.1" 200 -
[10/Sep/2026 00:06:26] "GET /_astro/_slug_.BMRhjz4F.css HTTP/1.1" 200 -
[10/Sep/2026 00:06:26] "GET /__offline__/data/faq.json HTTP/1.1" 200 -
[10/Sep/2026 00:06:26] "GET /__offline__/data/featuredreels.json HTTP/1.1" 200 -
[10/Sep/2026 00:06:27] "GET /__offline__/data/properties.json HTTP/1.1" 200 -
[10/Sep/2026 00:06:27] "GET /__offline__/data/propertyimages.json HTTP/1.1" 200 -
[10/Sep/2026 00:06:27] "GET /__offline__/data/propertyvideos.json HTTP/1.1" 200 -
[10/Sep/2026 00:06:27] "GET /__offline__/data/testimonials.json HTTP/1.1" 200 -
[10/Sep/2026 00:06:27] "GET /_astro/astro_scripts/before-hydration.js.Dh2kxll0.js HTTP/1.1" 200 -
[10/Sep/2026 00:06:27] "GET /_astro/setup.4cZrxQ76.js HTTP/1.1" 200 -
[10/Sep/2026 00:06:27] "GET /_astro/_commonjsHelpers.C0HnJYVl.js HTTP/1.1" 200 -
[10/Sep/2026 00:06:27] "GET /_astro/address.CihO0Mvv.js HTTP/1.1" 200 -
[10/Sep/2026 00:06:27] "GET /parastorage/services/site-consent-policy/1.10.0/site-consent-policy.umd.min.js HTTP/1.1" 200 -
[10/Sep/2026 00:06:27] "GET /parastorage/services/cookie-consent-policy-client/1.983.0/headlessApp.bundle.min.js HTTP/1.1" 200 -
[10/Sep/2026 00:06:28] "GET /_astro/Router.BPj9U-nC.js HTTP/1.1" 200 -
[10/Sep/2026 00:06:28] "GET /_astro/client.CWebG0_l.js HTTP/1.1" 200 -
[10/Sep/2026 00:06:28] "GET /parastorage/services/site-bi/1.17.0/site-bi.umd.min.js HTTP/1.1" 200 -
[10/Sep/2026 00:06:28] "GET /_astro/index.QbErGXhl.js HTTP/1.1" 200 -
[10/Sep/2026 00:06:28] "GET /parastorage/services/site-analytics/1.14.0/site-analytics.umd.min.js HTTP/1.1" 200 -
[10/Sep/2026 00:06:28] "GET /media/b/216404_0ec19c0bf06b4f86bfb28a36fc3e62a1~mv2.png?originWidth=640&originHeight=640 HTTP/1.1" 200 -
[10/Sep/2026 00:06:28] "GET /media/b/216404_573d079b77514653a525976826fca658~mv2.png?originWidth=640&originHeight=640 HTTP/1.1" 200 -
[10/Sep/2026 00:06:28] "GET /media/b/216404_b2f99824fcc04d8c8f09ed26ff53c704~mv2.png?originWidth=640&originHeight=640 HTTP/1.1" 200 -
[10/Sep/2026 00:06:28] "GET /media/b/216404_131742608e0d44ecbcf442635ed4b060~mv2.png?originWidth=640&originHeight=640 HTTP/1.1" 200 -
[10/Sep/2026 00:06:28] "GET /media/b/216404_e716f1ec688f44c88840b0b2bab466ad~mv2.png?originWidth=640&originHeight=640 HTTP/1.1" 200 -
[10/Sep/2026 00:06:28] "GET /media/b/216404_5e5713a6adad4dde972499f2165bfb64~mv2.png?originWidth=640&originHeight=640 HTTP/1.1" 200 -
[10/Sep/2026 00:06:28] "GET /media/b/216404_d8279617d45f4060ba5fa85003c2d1ee~mv2.png?originWidth=640&originHeight=640 HTTP/1.1" 200 -
[10/Sep/2026 00:06:28] "GET /parastorage/services/tag-manager-client/1.1075.0/siteTags.bundle.min.js HTTP/1.1" 200 -
[10/Sep/2026 00:06:28] "GET /media/b/216404_cdb7bfa69955412eb69f5756fe3d7ee4~mv2.jpg HTTP/1.1" 200 -
[10/Sep/2026 00:06:28] "GET /media/b/216404_de1db352e6914ada8f4e946fbc8349ec~mv2.jpg HTTP/1.1" 200 -
[10/Sep/2026 00:06:28] "GET /media/b/216404_d52b8e425a4c4ce3951de0a575d5abde~mv2.png?originWidth=640&originHeight=640 HTTP/1.1" 200 -
[10/Sep/2026 00:06:28] "GET /media/b/216404_402c7cbb5bc14fa1a454d4dcec4a68a5~mv2.png?originWidth=640&originHeight=640 HTTP/1.1" 200 -
[10/Sep/2026 00:06:29] "GET /media/b/216404_e740a65c81ba43668397c55ea8facac1~mv2.png?originWidth=640&originHeight=640 HTTP/1.1" 200 -
[10/Sep/2026 00:06:39] "GET /blog HTTP/1.1" 200 -
[10/Sep/2026 00:06:39] "GET /__offline__/boot.json HTTP/1.1" 200 -
[10/Sep/2026 00:06:39] "GET /_astro/_slug_.BMRhjz4F.css HTTP/1.1" 200 -
[10/Sep/2026 00:06:39] "GET /_astro/entry.nm0Hktb4.css HTTP/1.1" 200 -
[10/Sep/2026 00:06:39] "GET /__offline__/data/blogposts.json HTTP/1.1" 200 -
[10/Sep/2026 00:06:39] "GET /__offline__/offline-shim.js HTTP/1.1" 200 -
[10/Sep/2026 00:06:39] "GET /_astro/page.Da4Tm9W1.js HTTP/1.1" 200 -
[10/Sep/2026 00:06:40] "GET /__offline__/data/faq.json HTTP/1.1" 200 -
[10/Sep/2026 00:06:40] "GET /__offline__/data/featuredreels.json HTTP/1.1" 200 -
[10/Sep/2026 00:06:40] "GET /__offline__/data/properties.json HTTP/1.1" 200 -
[10/Sep/2026 00:06:40] "GET /__offline__/data/propertyimages.json HTTP/1.1" 200 -
[10/Sep/2026 00:06:40] "GET /__offline__/data/propertyvideos.json HTTP/1.1" 200 -
[10/Sep/2026 00:06:40] "GET /__offline__/data/testimonials.json HTTP/1.1" 200 -
[10/Sep/2026 00:06:40] "GET /_astro/astro_scripts/before-hydration.js.Dh2kxll0.js HTTP/1.1" 200 -
[10/Sep/2026 00:06:41] "GET /_astro/address.CihO0Mvv.js HTTP/1.1" 200 -
[10/Sep/2026 00:06:41] "GET /_astro/setup.4cZrxQ76.js HTTP/1.1" 200 -
[10/Sep/2026 00:06:41] "GET /parastorage/services/site-consent-policy/1.10.0/site-consent-policy.umd.min.js HTTP/1.1" 200 -
[10/Sep/2026 00:06:41] "GET /_astro/_commonjsHelpers.C0HnJYVl.js HTTP/1.1" 200 -
[10/Sep/2026 00:06:41] "GET /parastorage/services/cookie-consent-policy-client/1.983.0/headlessApp.bundle.min.js HTTP/1.1" 200 -
[10/Sep/2026 00:06:41] "GET /_astro/Router.BPj9U-nC.js HTTP/1.1" 200 -
[10/Sep/2026 00:06:41] "GET /parastorage/services/site-bi/1.17.0/site-bi.umd.min.js HTTP/1.1" 200 -
[10/Sep/2026 00:06:41] "GET /_astro/index.QbErGXhl.js HTTP/1.1" 200 -
[10/Sep/2026 00:06:41] "GET /_astro/client.CWebG0_l.js HTTP/1.1" 200 -
[10/Sep/2026 00:06:41] "GET /parastorage/services/site-analytics/1.14.0/site-analytics.umd.min.js HTTP/1.1" 200 -
[10/Sep/2026 00:06:41] "GET /media/b/216404_99b65d8e4edf4d9ea8caf90e0a80662d~mv2.png?originWidth=640&originHeight=640 HTTP/1.1" 200 -
[10/Sep/2026 00:06:41] "GET /media/b/216404_ff8f1ea23ce14c1da752be07f360d641~mv2.png?originWidth=640&originHeight=640 HTTP/1.1" 200 -
[10/Sep/2026 00:06:41] "GET /media/b/216404_5f7722e68d99447f9643b00d600c646d~mv2.png?originWidth=640&originHeight=640 HTTP/1.1" 200 -
[10/Sep/2026 00:06:41] "GET /parastorage/services/tag-manager-client/1.1075.0/siteTags.bundle.min.js HTTP/1.1" 200 -
[10/Sep/2026 00:06:41] "GET /media/b/216404_cdb7bfa69955412eb69f5756fe3d7ee4~mv2.jpg HTTP/1.1" 200 -
[10/Sep/2026 00:06:41] "GET /media/b/216404_de1db352e6914ada8f4e946fbc8349ec~mv2.jpg HTTP/1.1" 200 -
[10/Sep/2026 00:06:41] "GET /media/b/216404_6f4776b3d4b5438aa2725ac8ad1fded8~mv2.png?originWidth=640&originHeight=640 HTTP/1.1" 200 -
[10/Sep/2026 00:06:42] "GET /media/b/216404_7e7a2452a0be4e29b1868cd2b3b7dae7~mv2.png?originWidth=640&originHeight=640 HTTP/1.1" 200 -
[10/Sep/2026 00:06:42] "GET /media/b/216404_b7b5b69e151b47ea86c040e4e14d5207~mv2.png?originWidth=640&originHeight=640 HTTP/1.1" 200 -
[10/Sep/2026 00:06:52] "GET /work-with-us HTTP/1.1" 200 -
[10/Sep/2026 00:06:52] "GET /__offline__/boot.json HTTP/1.1" 200 -
[10/Sep/2026 00:06:52] "GET /__offline__/data/blogposts.json HTTP/1.1" 200 -
[10/Sep/2026 00:06:52] "GET /_astro/_slug_.BMRhjz4F.css HTTP/1.1" 200 -
[10/Sep/2026 00:06:52] "GET /_astro/entry.nm0Hktb4.css HTTP/1.1" 200 -
[10/Sep/2026 00:06:52] "GET /_astro/page.Da4Tm9W1.js HTTP/1.1" 200 -
[10/Sep/2026 00:06:52] "GET /__offline__/offline-shim.js HTTP/1.1" 200 -
[10/Sep/2026 00:06:53] "GET /__offline__/data/faq.json HTTP/1.1" 200 -
[10/Sep/2026 00:06:53] "GET /__offline__/data/featuredreels.json HTTP/1.1" 200 -
[10/Sep/2026 00:06:53] "GET /__offline__/data/properties.json HTTP/1.1" 200 -
[10/Sep/2026 00:06:53] "GET /__offline__/data/propertyimages.json HTTP/1.1" 200 -
[10/Sep/2026 00:06:53] "GET /__offline__/data/propertyvideos.json HTTP/1.1" 200 -
[10/Sep/2026 00:06:53] "GET /__offline__/data/testimonials.json HTTP/1.1" 200 -
[10/Sep/2026 00:06:54] "GET /_astro/astro_scripts/before-hydration.js.Dh2kxll0.js HTTP/1.1" 200 -
[10/Sep/2026 00:06:54] "GET /_astro/setup.4cZrxQ76.js HTTP/1.1" 200 -
[10/Sep/2026 00:06:54] "GET /parastorage/services/site-consent-policy/1.10.0/site-consent-policy.umd.min.js HTTP/1.1" 200 -
[10/Sep/2026 00:06:54] "GET /_astro/address.CihO0Mvv.js HTTP/1.1" 200 -
[10/Sep/2026 00:06:54] "GET /parastorage/services/cookie-consent-policy-client/1.983.0/headlessApp.bundle.min.js HTTP/1.1" 200 -
[10/Sep/2026 00:06:54] "GET /_astro/_commonjsHelpers.C0HnJYVl.js HTTP/1.1" 200 -
[10/Sep/2026 00:06:54] "GET /_astro/Router.BPj9U-nC.js HTTP/1.1" 200 -
[10/Sep/2026 00:06:54] "GET /_astro/index.QbErGXhl.js HTTP/1.1" 200 -
[10/Sep/2026 00:06:54] "GET /parastorage/services/site-bi/1.17.0/site-bi.umd.min.js HTTP/1.1" 200 -
[10/Sep/2026 00:06:54] "GET /_astro/client.CWebG0_l.js HTTP/1.1" 200 -
[10/Sep/2026 00:06:54] "GET /parastorage/services/site-analytics/1.14.0/site-analytics.umd.min.js HTTP/1.1" 200 -
[10/Sep/2026 00:06:54] "GET /parastorage/services/tag-manager-client/1.1075.0/siteTags.bundle.min.js HTTP/1.1" 200 -
[10/Sep/2026 00:06:54] "GET /media/b/216404_cdb7bfa69955412eb69f5756fe3d7ee4~mv2.jpg HTTP/1.1" 200 -
[10/Sep/2026 00:06:54] "GET /media/b/216404_de1db352e6914ada8f4e946fbc8349ec~mv2.jpg HTTP/1.1" 200 -
[10/Sep/2026 00:07:05] "GET /sell-property HTTP/1.1" 200 -
[10/Sep/2026 00:07:06] "GET /__offline__/boot.json HTTP/1.1" 200 -
[10/Sep/2026 00:07:06] "GET /__offline__/data/blogposts.json HTTP/1.1" 200 -
[10/Sep/2026 00:07:06] "GET /_astro/_slug_.BMRhjz4F.css HTTP/1.1" 200 -
[10/Sep/2026 00:07:06] "GET /__offline__/offline-shim.js HTTP/1.1" 200 -
[10/Sep/2026 00:07:06] "GET /_astro/entry.nm0Hktb4.css HTTP/1.1" 200 -
[10/Sep/2026 00:07:06] "GET /_astro/page.Da4Tm9W1.js HTTP/1.1" 200 -
[10/Sep/2026 00:07:06] "GET /__offline__/data/faq.json HTTP/1.1" 200 -
[10/Sep/2026 00:07:06] "GET /__offline__/data/featuredreels.json HTTP/1.1" 200 -
[10/Sep/2026 00:07:06] "GET /__offline__/data/properties.json HTTP/1.1" 200 -
[10/Sep/2026 00:07:06] "GET /__offline__/data/propertyimages.json HTTP/1.1" 200 -
[10/Sep/2026 00:07:07] "GET /__offline__/data/propertyvideos.json HTTP/1.1" 200 -
[10/Sep/2026 00:07:07] "GET /__offline__/data/testimonials.json HTTP/1.1" 200 -
[10/Sep/2026 00:07:07] "GET /_astro/astro_scripts/before-hydration.js.Dh2kxll0.js HTTP/1.1" 200 -
[10/Sep/2026 00:07:07] "GET /_astro/address.CihO0Mvv.js HTTP/1.1" 200 -
[10/Sep/2026 00:07:07] "GET /_astro/setup.4cZrxQ76.js HTTP/1.1" 200 -
[10/Sep/2026 00:07:07] "GET /parastorage/services/site-consent-policy/1.10.0/site-consent-policy.umd.min.js HTTP/1.1" 200 -
[10/Sep/2026 00:07:07] "GET /_astro/_commonjsHelpers.C0HnJYVl.js HTTP/1.1" 200 -
[10/Sep/2026 00:07:07] "GET /parastorage/services/cookie-consent-policy-client/1.983.0/headlessApp.bundle.min.js HTTP/1.1" 200 -
[10/Sep/2026 00:07:07] "GET /_astro/Router.BPj9U-nC.js HTTP/1.1" 200 -
[10/Sep/2026 00:07:07] "GET /parastorage/services/site-bi/1.17.0/site-bi.umd.min.js HTTP/1.1" 200 -
[10/Sep/2026 00:07:07] "GET /_astro/client.CWebG0_l.js HTTP/1.1" 200 -
[10/Sep/2026 00:07:07] "GET /_astro/index.QbErGXhl.js HTTP/1.1" 200 -
[10/Sep/2026 00:07:07] "GET /parastorage/services/site-analytics/1.14.0/site-analytics.umd.min.js HTTP/1.1" 200 -
[10/Sep/2026 00:07:07] "GET /parastorage/services/tag-manager-client/1.1075.0/siteTags.bundle.min.js HTTP/1.1" 200 -
[10/Sep/2026 00:07:08] "GET /media/b/216404_cdb7bfa69955412eb69f5756fe3d7ee4~mv2.jpg HTTP/1.1" 200 -
[10/Sep/2026 00:07:08] "GET /media/b/216404_de1db352e6914ada8f4e946fbc8349ec~mv2.jpg HTTP/1.1" 200 -
[10/Sep/2026 00:07:19] "GET /projects HTTP/1.1" 200 -
[10/Sep/2026 00:07:19] "GET /__offline__/boot.json HTTP/1.1" 200 -
[10/Sep/2026 00:07:19] "GET /_astro/entry.nm0Hktb4.css HTTP/1.1" 200 -
[10/Sep/2026 00:07:19] "GET /_astro/page.Da4Tm9W1.js HTTP/1.1" 200 -
[10/Sep/2026 00:07:19] "GET /__offline__/data/blogposts.json HTTP/1.1" 200 -
[10/Sep/2026 00:07:19] "GET /__offline__/offline-shim.js HTTP/1.1" 200 -
[10/Sep/2026 00:07:19] "GET /_astro/_slug_.BMRhjz4F.css HTTP/1.1" 200 -
[10/Sep/2026 00:07:19] "GET /__offline__/data/faq.json HTTP/1.1" 200 -
[10/Sep/2026 00:07:19] "GET /__offline__/data/featuredreels.json HTTP/1.1" 200 -
[10/Sep/2026 00:07:19] "GET /__offline__/data/properties.json HTTP/1.1" 200 -
[10/Sep/2026 00:07:19] "GET /__offline__/data/propertyimages.json HTTP/1.1" 200 -
[10/Sep/2026 00:07:20] "GET /__offline__/data/propertyvideos.json HTTP/1.1" 200 -
[10/Sep/2026 00:07:20] "GET /__offline__/data/testimonials.json HTTP/1.1" 200 -
[10/Sep/2026 00:07:20] "GET /_astro/astro_scripts/before-hydration.js.Dh2kxll0.js HTTP/1.1" 200 -
[10/Sep/2026 00:07:20] "GET /_astro/setup.4cZrxQ76.js HTTP/1.1" 200 -
[10/Sep/2026 00:07:20] "GET /_astro/_commonjsHelpers.C0HnJYVl.js HTTP/1.1" 200 -
[10/Sep/2026 00:07:20] "GET /_astro/address.CihO0Mvv.js HTTP/1.1" 200 -
[10/Sep/2026 00:07:20] "GET /parastorage/services/cookie-consent-policy-client/1.983.0/headlessApp.bundle.min.js HTTP/1.1" 200 -
[10/Sep/2026 00:07:20] "GET /parastorage/services/site-consent-policy/1.10.0/site-consent-policy.umd.min.js HTTP/1.1" 200 -
[10/Sep/2026 00:07:20] "GET /_astro/Router.BPj9U-nC.js HTTP/1.1" 200 -
[10/Sep/2026 00:07:20] "GET /_astro/index.QbErGXhl.js HTTP/1.1" 200 -
[10/Sep/2026 00:07:20] "GET /parastorage/services/site-bi/1.17.0/site-bi.umd.min.js HTTP/1.1" 200 -
[10/Sep/2026 00:07:20] "GET /_astro/client.CWebG0_l.js HTTP/1.1" 200 -
[10/Sep/2026 00:07:20] "GET /parastorage/services/site-analytics/1.14.0/site-analytics.umd.min.js HTTP/1.1" 200 -
[10/Sep/2026 00:07:21] "GET /parastorage/services/tag-manager-client/1.1075.0/siteTags.bundle.min.js HTTP/1.1" 200 -
[10/Sep/2026 00:07:21] "GET /media/b/216404_cdb7bfa69955412eb69f5756fe3d7ee4~mv2.jpg HTTP/1.1" 200 -
[10/Sep/2026 00:07:21] "GET /media/b/216404_de1db352e6914ada8f4e946fbc8349ec~mv2.jpg HTTP/1.1" 200 -
[10/Sep/2026 00:07:32] "GET /property/007e57c0-b818-4005-b8e2-3c67c9a26cb5 HTTP/1.1" 200 -
[10/Sep/2026 00:07:32] "GET /__offline__/boot.json HTTP/1.1" 200 -
[10/Sep/2026 00:07:32] "GET /_astro/entry.nm0Hktb4.css HTTP/1.1" 200 -
[10/Sep/2026 00:07:32] "GET /_astro/page.Da4Tm9W1.js HTTP/1.1" 200 -
[10/Sep/2026 00:07:32] "GET /__offline__/offline-shim.js HTTP/1.1" 200 -
[10/Sep/2026 00:07:32] "GET /_astro/_slug_.BMRhjz4F.css HTTP/1.1" 200 -
[10/Sep/2026 00:07:32] "GET /__offline__/data/blogposts.json HTTP/1.1" 200 -
[10/Sep/2026 00:07:32] "GET /__offline__/data/faq.json HTTP/1.1" 200 -
[10/Sep/2026 00:07:32] "GET /__offline__/data/featuredreels.json HTTP/1.1" 200 -
[10/Sep/2026 00:07:32] "GET /__offline__/data/properties.json HTTP/1.1" 200 -
[10/Sep/2026 00:07:33] "GET /__offline__/data/propertyimages.json HTTP/1.1" 200 -
[10/Sep/2026 00:07:33] "GET /__offline__/data/propertyvideos.json HTTP/1.1" 200 -
[10/Sep/2026 00:07:33] "GET /__offline__/data/testimonials.json HTTP/1.1" 200 -
[10/Sep/2026 00:07:33] "GET /_astro/astro_scripts/before-hydration.js.Dh2kxll0.js HTTP/1.1" 200 -
[10/Sep/2026 00:07:33] "GET /_astro/address.CihO0Mvv.js HTTP/1.1" 200 -
[10/Sep/2026 00:07:33] "GET /_astro/setup.4cZrxQ76.js HTTP/1.1" 200 -
[10/Sep/2026 00:07:33] "GET /parastorage/services/site-consent-policy/1.10.0/site-consent-policy.umd.min.js HTTP/1.1" 200 -
[10/Sep/2026 00:07:33] "GET /parastorage/services/cookie-consent-policy-client/1.983.0/headlessApp.bundle.min.js HTTP/1.1" 200 -
[10/Sep/2026 00:07:33] "GET /_astro/_commonjsHelpers.C0HnJYVl.js HTTP/1.1" 200 -
[10/Sep/2026 00:07:33] "GET /_astro/Router.BPj9U-nC.js HTTP/1.1" 200 -
[10/Sep/2026 00:07:33] "GET /_astro/index.QbErGXhl.js HTTP/1.1" 200 -
[10/Sep/2026 00:07:33] "GET /_astro/client.CWebG0_l.js HTTP/1.1" 200 -
[10/Sep/2026 00:07:33] "GET /parastorage/services/site-bi/1.17.0/site-bi.umd.min.js HTTP/1.1" 200 -
[10/Sep/2026 00:07:33] "GET /parastorage/services/site-analytics/1.14.0/site-analytics.umd.min.js HTTP/1.1" 200 -
[10/Sep/2026 00:07:34] "GET /parastorage/services/tag-manager-client/1.1075.0/siteTags.bundle.min.js HTTP/1.1" 200 -
[10/Sep/2026 00:07:34] "GET /media/b/216404_cdb7bfa69955412eb69f5756fe3d7ee4~mv2.jpg HTTP/1.1" 200 -
[10/Sep/2026 00:07:34] "GET /media/b/216404_de1db352e6914ada8f4e946fbc8349ec~mv2.jpg HTTP/1.1" 200 -
[10/Sep/2026 00:07:45] "GET /property/75de911b-220e-4e2c-89e8-d7d901a06b1b HTTP/1.1" 200 -
[10/Sep/2026 00:07:45] "GET /__offline__/boot.json HTTP/1.1" 200 -
[10/Sep/2026 00:07:45] "GET /__offline__/data/blogposts.json HTTP/1.1" 200 -
[10/Sep/2026 00:07:45] "GET /_astro/entry.nm0Hktb4.css HTTP/1.1" 200 -
[10/Sep/2026 00:07:45] "GET /_astro/_slug_.BMRhjz4F.css HTTP/1.1" 200 -
[10/Sep/2026 00:07:45] "GET /__offline__/offline-shim.js HTTP/1.1" 200 -
[10/Sep/2026 00:07:45] "GET /_astro/page.Da4Tm9W1.js HTTP/1.1" 200 -
[10/Sep/2026 00:07:45] "GET /__offline__/data/faq.json HTTP/1.1" 200 -
[10/Sep/2026 00:07:45] "GET /__offline__/data/featuredreels.json HTTP/1.1" 200 -
[10/Sep/2026 00:07:46] "GET /__offline__/data/properties.json HTTP/1.1" 200 -
[10/Sep/2026 00:07:46] "GET /__offline__/data/propertyimages.json HTTP/1.1" 200 -
[10/Sep/2026 00:07:46] "GET /__offline__/data/propertyvideos.json HTTP/1.1" 200 -
[10/Sep/2026 00:07:46] "GET /__offline__/data/testimonials.json HTTP/1.1" 200 -
[10/Sep/2026 00:07:46] "GET /_astro/astro_scripts/before-hydration.js.Dh2kxll0.js HTTP/1.1" 200 -
[10/Sep/2026 00:07:46] "GET /_astro/setup.4cZrxQ76.js HTTP/1.1" 200 -
[10/Sep/2026 00:07:46] "GET /_astro/address.CihO0Mvv.js HTTP/1.1" 200 -
[10/Sep/2026 00:07:46] "GET /parastorage/services/site-consent-policy/1.10.0/site-consent-policy.umd.min.js HTTP/1.1" 200 -
[10/Sep/2026 00:07:46] "GET /_astro/_commonjsHelpers.C0HnJYVl.js HTTP/1.1" 200 -
[10/Sep/2026 00:07:46] "GET /parastorage/services/cookie-consent-policy-client/1.983.0/headlessApp.bundle.min.js HTTP/1.1" 200 -
[10/Sep/2026 00:07:47] "GET /_astro/Router.BPj9U-nC.js HTTP/1.1" 200 -
[10/Sep/2026 00:07:47] "GET /_astro/client.CWebG0_l.js HTTP/1.1" 200 -
[10/Sep/2026 00:07:47] "GET /parastorage/services/site-bi/1.17.0/site-bi.umd.min.js HTTP/1.1" 200 -
[10/Sep/2026 00:07:47] "GET /parastorage/services/site-analytics/1.14.0/site-analytics.umd.min.js HTTP/1.1" 200 -
[10/Sep/2026 00:07:47] "GET /_astro/index.QbErGXhl.js HTTP/1.1" 200 -
[10/Sep/2026 00:07:47] "GET /parastorage/services/tag-manager-client/1.1075.0/siteTags.bundle.min.js HTTP/1.1" 200 -
[10/Sep/2026 00:07:47] "GET /media/b/216404_cdb7bfa69955412eb69f5756fe3d7ee4~mv2.jpg HTTP/1.1" 200 -
[10/Sep/2026 00:07:47] "GET /media/b/216404_de1db352e6914ada8f4e946fbc8349ec~mv2.jpg HTTP/1.1" 200 -
[10/Sep/2026 00:07:58] "GET /blog/47ea5159-5508-4052-b1fb-a66a72c23994 HTTP/1.1" 200 -
[10/Sep/2026 00:07:58] "GET /__offline__/boot.json HTTP/1.1" 200 -
[10/Sep/2026 00:07:58] "GET /__offline__/data/blogposts.json HTTP/1.1" 200 -
[10/Sep/2026 00:07:58] "GET /_astro/entry.nm0Hktb4.css HTTP/1.1" 200 -
[10/Sep/2026 00:07:58] "GET /_astro/_slug_.BMRhjz4F.css HTTP/1.1" 200 -
[10/Sep/2026 00:07:58] "GET /__offline__/offline-shim.js HTTP/1.1" 200 -
[10/Sep/2026 00:07:58] "GET /_astro/page.Da4Tm9W1.js HTTP/1.1" 200 -
[10/Sep/2026 00:07:58] "GET /__offline__/data/faq.json HTTP/1.1" 200 -
[10/Sep/2026 00:07:59] "GET /__offline__/data/featuredreels.json HTTP/1.1" 200 -
[10/Sep/2026 00:07:59] "GET /__offline__/data/properties.json HTTP/1.1" 200 -
[10/Sep/2026 00:07:59] "GET /__offline__/data/propertyimages.json HTTP/1.1" 200 -
[10/Sep/2026 00:07:59] "GET /__offline__/data/propertyvideos.json HTTP/1.1" 200 -
[10/Sep/2026 00:07:59] "GET /__offline__/data/testimonials.json HTTP/1.1" 200 -
[10/Sep/2026 00:07:59] "GET /_astro/astro_scripts/before-hydration.js.Dh2kxll0.js HTTP/1.1" 200 -
[10/Sep/2026 00:08:00] "GET /_astro/_commonjsHelpers.C0HnJYVl.js HTTP/1.1" 200 -
[10/Sep/2026 00:08:00] "GET /parastorage/services/site-consent-policy/1.10.0/site-consent-policy.umd.min.js HTTP/1.1" 200 -
[10/Sep/2026 00:08:00] "GET /_astro/address.CihO0Mvv.js HTTP/1.1" 200 -
[10/Sep/2026 00:08:00] "GET /_astro/setup.4cZrxQ76.js HTTP/1.1" 200 -
[10/Sep/2026 00:08:00] "GET /parastorage/services/cookie-consent-policy-client/1.983.0/headlessApp.bundle.min.js HTTP/1.1" 200 -
[10/Sep/2026 00:08:00] "GET /_astro/Router.BPj9U-nC.js HTTP/1.1" 200 -
[10/Sep/2026 00:08:00] "GET /_astro/index.QbErGXhl.js HTTP/1.1" 200 -
[10/Sep/2026 00:08:00] "GET /_astro/client.CWebG0_l.js HTTP/1.1" 200 -
[10/Sep/2026 00:08:00] "GET /parastorage/services/site-bi/1.17.0/site-bi.umd.min.js HTTP/1.1" 200 -
[10/Sep/2026 00:08:00] "GET /parastorage/services/site-analytics/1.14.0/site-analytics.umd.min.js HTTP/1.1" 200 -
[10/Sep/2026 00:08:00] "GET /parastorage/services/tag-manager-client/1.1075.0/siteTags.bundle.min.js HTTP/1.1" 200 -
[10/Sep/2026 00:08:00] "GET /media/b/216404_cdb7bfa69955412eb69f5756fe3d7ee4~mv2.jpg HTTP/1.1" 200 -
[10/Sep/2026 00:08:00] "GET /media/b/216404_de1db352e6914ada8f4e946fbc8349ec~mv2.jpg HTTP/1.1" 200 -
[10/Sep/2026 00:08:00] "GET /media/b/216404_ff8f1ea23ce14c1da752be07f360d641~mv2.png?originWidth=640&originHeight=640 HTTP/1.1" 200 -
[10/Sep/2026 00:08:51] "GET / HTTP/1.1" 200 -
[10/Sep/2026 00:08:52] "GET /__offline__/boot.json HTTP/1.1" 200 -
[10/Sep/2026 00:08:52] "GET /__offline__/data/blogposts.json HTTP/1.1" 200 -
[10/Sep/2026 00:08:52] "GET /_astro/entry.nm0Hktb4.css HTTP/1.1" 200 -
[10/Sep/2026 00:08:52] "GET /__offline__/offline-shim.js HTTP/1.1" 200 -
[10/Sep/2026 00:08:52] "GET /_astro/_slug_.BMRhjz4F.css HTTP/1.1" 200 -
[10/Sep/2026 00:08:52] "GET /_astro/page.Da4Tm9W1.js HTTP/1.1" 200 -
[10/Sep/2026 00:08:52] "GET /__offline__/data/faq.json HTTP/1.1" 200 -
[10/Sep/2026 00:08:52] "GET /__offline__/data/featuredreels.json HTTP/1.1" 200 -
[10/Sep/2026 00:08:52] "GET /__offline__/data/properties.json HTTP/1.1" 200 -
[10/Sep/2026 00:08:52] "GET /__offline__/data/propertyimages.json HTTP/1.1" 200 -
[10/Sep/2026 00:08:53] "GET /__offline__/data/propertyvideos.json HTTP/1.1" 200 -
[10/Sep/2026 00:08:53] "GET /__offline__/data/testimonials.json HTTP/1.1" 200 -
[10/Sep/2026 00:08:53] "GET /_astro/astro_scripts/before-hydration.js.Dh2kxll0.js HTTP/1.1" 200 -
[10/Sep/2026 00:08:53] "GET /_astro/setup.4cZrxQ76.js HTTP/1.1" 200 -
[10/Sep/2026 00:08:53] "GET /parastorage/services/site-consent-policy/1.10.0/site-consent-policy.umd.min.js HTTP/1.1" 200 -
[10/Sep/2026 00:08:53] "GET /_astro/address.CihO0Mvv.js HTTP/1.1" 200 -
[10/Sep/2026 00:08:53] "GET /parastorage/services/cookie-consent-policy-client/1.983.0/headlessApp.bundle.min.js HTTP/1.1" 200 -
[10/Sep/2026 00:08:53] "GET /_astro/_commonjsHelpers.C0HnJYVl.js HTTP/1.1" 200 -
[10/Sep/2026 00:08:53] "GET /_astro/Router.BPj9U-nC.js HTTP/1.1" 200 -
[10/Sep/2026 00:08:53] "GET /_astro/client.CWebG0_l.js HTTP/1.1" 200 -
[10/Sep/2026 00:08:53] "GET /_astro/index.QbErGXhl.js HTTP/1.1" 200 -
[10/Sep/2026 00:08:53] "GET /parastorage/services/site-bi/1.17.0/site-bi.umd.min.js HTTP/1.1" 200 -
[10/Sep/2026 00:08:53] "GET /parastorage/services/site-analytics/1.14.0/site-analytics.umd.min.js HTTP/1.1" 200 -
[10/Sep/2026 00:08:54] "GET /api/instagram-feed HTTP/1.1" 200 -
[10/Sep/2026 00:08:54] "GET /media/b/216404_cdb7bfa69955412eb69f5756fe3d7ee4~mv2.jpg HTTP/1.1" 200 -
[10/Sep/2026 00:08:54] "GET /parastorage/services/tag-manager-client/1.1075.0/siteTags.bundle.min.js HTTP/1.1" 200 -
[10/Sep/2026 00:08:54] "GET /media/b/216404_37832f9939cc42bf807f2f4c05a2de54~mv2.png HTTP/1.1" 200 -
[10/Sep/2026 00:08:54] "GET /media/b/216404_f65cc54333d24be5a89bdcee1dc23533~mv2.png HTTP/1.1" 200 -
[10/Sep/2026 00:08:54] "GET /media/b/216404_97db3425711a4c47b7e323bcddf4e809~mv2.png HTTP/1.1" 200 -
[10/Sep/2026 00:08:54] "GET /media/b/216404_9de56b8d718f451a8228d5eb070e81cf~mv2.png HTTP/1.1" 200 -
[10/Sep/2026 00:08:54] "GET /media/b/216404_945072a242df4460bb36d3642ca3a305~mv2.png HTTP/1.1" 200 -
[10/Sep/2026 00:08:54] "GET /media/b/216404_c7a14c3ddf6a43eeadedd5140e908866~mv2.png HTTP/1.1" 200 -
[10/Sep/2026 00:08:54] "GET /media/b/216404_9353e73c5618436f98728bfdb3f4af7f~mv2.png HTTP/1.1" 200 -
[10/Sep/2026 00:08:54] "GET /media/b/216404_de1db352e6914ada8f4e946fbc8349ec~mv2.jpg HTTP/1.1" 200 -
[10/Sep/2026 00:08:54] "GET /media/b/216404_eec2b3792c3c41848a9055b7ada55ad2~mv2.png HTTP/1.1" 200 -
[10/Sep/2026 00:08:54] "GET /media/b/216404_4982358ca6444db39bebc135a3c88b0f~mv2.png HTTP/1.1" 200 -
[10/Sep/2026 00:08:54] "GET /media/b/216404_4f33e4e8c77b4f20b4d3038c3adc7c81~mv2.png HTTP/1.1" 200 -
[10/Sep/2026 00:08:54] "GET /media/b/216404_01ef989b744a4e21af0caff523ccdc17~mv2.png HTTP/1.1" 200 -
[10/Sep/2026 00:08:54] "GET /media/b/216404_758051d75de04bf4a1ff7541c3ebf540~mv2.png HTTP/1.1" 200 -
[10/Sep/2026 00:08:54] "GET /media/b/216404_93e622c0b36445cf809c43d22c068033~mv2.png HTTP/1.1" 200 -
[10/Sep/2026 00:08:54] "GET /media/b/216404_6f573b55ac774e19a392ac86bf84371d~mv2.png HTTP/1.1" 200 -
[10/Sep/2026 00:08:55] "GET /media/b/216404_920f0d89c8904221b59e566899f37bbb~mv2.png HTTP/1.1" 200 -
[10/Sep/2026 00:08:55] "GET /favicon.ico HTTP/1.1" 200 -
----------------------------------------
Exception occurred during processing of request from ('127.0.0.1', 60631)
Traceback (most recent call last):
  File "C:\Users\roshh\AppData\Roaming\uv\python\cpython-3.11-windows-x86_64-none\Lib\socketserver.py", line 691, in process_request_thread
    self.finish_request(request, client_address)
  File "C:\Users\roshh\AppData\Roaming\uv\python\cpython-3.11-windows-x86_64-none\Lib\socketserver.py", line 361, in finish_request
    self.RequestHandlerClass(request, client_address, self)
  File "A:\projectssproperty\server.py", line 42, in __init__
    super().__init__(*a, directory=ROOT, **kw)
  File "C:\Users\roshh\AppData\Roaming\uv\python\cpython-3.11-windows-x86_64-none\Lib\http\server.py", line 675, in __init__
    super().__init__(*args, **kwargs)
  File "C:\Users\roshh\AppData\Roaming\uv\python\cpython-3.11-windows-x86_64-none\Lib\socketserver.py", line 755, in __init__
    self.handle()
  File "C:\Users\roshh\AppData\Roaming\uv\python\cpython-3.11-windows-x86_64-none\Lib\http\server.py", line 440, in handle
    self.handle_one_request()
  File "C:\Users\roshh\AppData\Roaming\uv\python\cpython-3.11-windows-x86_64-none\Lib\http\server.py", line 408, in handle_one_request
    self.raw_requestline = self.rfile.readline(65537)
                           ^^^^^^^^^^^^^^^^^^^^^^^^^^
  File "C:\Users\roshh\AppData\Roaming\uv\python\cpython-3.11-windows-x86_64-none\Lib\socket.py", line 718, in readinto
    return self._sock.recv_into(b)
           ^^^^^^^^^^^^^^^^^^^^^^^
ConnectionResetError: [WinError 10054] An existing connection was forcibly closed by the remote host
----------------------------------------
[10/Sep/2026 00:22:00] "GET / HTTP/1.1" 200 -
[10/Sep/2026 00:22:00] "GET /__offline__/boot.json HTTP/1.1" 200 -
[10/Sep/2026 00:22:00] "GET /_astro/entry.nm0Hktb4.css HTTP/1.1" 200 -
[10/Sep/2026 00:22:00] "GET /__offline__/offline-shim.js HTTP/1.1" 200 -
[10/Sep/2026 00:22:00] "GET /_astro/_slug_.BMRhjz4F.css HTTP/1.1" 200 -
[10/Sep/2026 00:22:00] "GET /_astro/page.Da4Tm9W1.js HTTP/1.1" 200 -
[10/Sep/2026 00:22:00] "GET /__offline__/data/blogposts.json HTTP/1.1" 200 -
[10/Sep/2026 00:22:00] "GET /__offline__/data/faq.json HTTP/1.1" 200 -
[10/Sep/2026 00:22:01] "GET /__offline__/data/featuredreels.json HTTP/1.1" 200 -
[10/Sep/2026 00:22:01] "GET /__offline__/data/properties.json HTTP/1.1" 200 -
[10/Sep/2026 00:22:01] "GET /__offline__/data/propertyimages.json HTTP/1.1" 200 -
[10/Sep/2026 00:22:01] "GET /__offline__/data/propertyvideos.json HTTP/1.1" 200 -
[10/Sep/2026 00:22:01] "GET /__offline__/data/testimonials.json HTTP/1.1" 200 -
[10/Sep/2026 00:22:01] "GET /_astro/astro_scripts/before-hydration.js.Dh2kxll0.js HTTP/1.1" 200 -
[10/Sep/2026 00:22:02] "GET /_astro/setup.4cZrxQ76.js HTTP/1.1" 200 -
[10/Sep/2026 00:22:02] "GET /_astro/address.CihO0Mvv.js HTTP/1.1" 200 -
[10/Sep/2026 00:22:02] "GET /_astro/_commonjsHelpers.C0HnJYVl.js HTTP/1.1" 200 -
[10/Sep/2026 00:22:02] "GET /parastorage/services/cookie-consent-policy-client/1.983.0/headlessApp.bundle.min.js HTTP/1.1" 200 -
[10/Sep/2026 00:22:02] "GET /parastorage/services/site-consent-policy/1.10.0/site-consent-policy.umd.min.js HTTP/1.1" 200 -
[10/Sep/2026 00:22:02] "GET /_astro/client.CWebG0_l.js HTTP/1.1" 200 -
[10/Sep/2026 00:22:02] "GET /_astro/Router.BPj9U-nC.js HTTP/1.1" 200 -
[10/Sep/2026 00:22:02] "GET /_astro/index.QbErGXhl.js HTTP/1.1" 200 -
[10/Sep/2026 00:22:02] "GET /parastorage/services/site-bi/1.17.0/site-bi.umd.min.js HTTP/1.1" 200 -
[10/Sep/2026 00:22:02] "GET /parastorage/services/site-analytics/1.14.0/site-analytics.umd.min.js HTTP/1.1" 200 -
[10/Sep/2026 00:22:02] "GET /api/instagram-feed HTTP/1.1" 200 -
[10/Sep/2026 00:22:02] "GET /parastorage/services/tag-manager-client/1.1075.0/siteTags.bundle.min.js HTTP/1.1" 200 -
[10/Sep/2026 00:22:02] "GET /media/b/216404_f65cc54333d24be5a89bdcee1dc23533~mv2.png HTTP/1.1" 200 -
[10/Sep/2026 00:22:02] "GET /media/b/216404_cdb7bfa69955412eb69f5756fe3d7ee4~mv2.jpg HTTP/1.1" 200 -
[10/Sep/2026 00:22:02] "GET /media/b/216404_37832f9939cc42bf807f2f4c05a2de54~mv2.png HTTP/1.1" 200 -
[10/Sep/2026 00:22:02] "GET /media/b/216404_97db3425711a4c47b7e323bcddf4e809~mv2.png HTTP/1.1" 200 -
[10/Sep/2026 00:22:02] "GET /media/b/216404_9de56b8d718f451a8228d5eb070e81cf~mv2.png HTTP/1.1" 200 -
[10/Sep/2026 00:22:03] "GET /media/b/216404_eec2b3792c3c41848a9055b7ada55ad2~mv2.png HTTP/1.1" 200 -
[10/Sep/2026 00:22:03] "GET /media/b/216404_de1db352e6914ada8f4e946fbc8349ec~mv2.jpg HTTP/1.1" 200 -
[10/Sep/2026 00:22:03] "GET /media/b/216404_945072a242df4460bb36d3642ca3a305~mv2.png HTTP/1.1" 200 -
[10/Sep/2026 00:22:03] "GET /media/b/216404_9353e73c5618436f98728bfdb3f4af7f~mv2.png HTTP/1.1" 200 -
[10/Sep/2026 00:22:03] "GET /media/b/216404_c7a14c3ddf6a43eeadedd5140e908866~mv2.png HTTP/1.1" 200 -
[10/Sep/2026 00:22:03] "GET /media/b/216404_33bdfc3a1e7040b6a18d74d7ffbd5e4d~mv2.png HTTP/1.1" 200 -
[10/Sep/2026 00:22:03] "GET /media/b/216404_4982358ca6444db39bebc135a3c88b0f~mv2.png HTTP/1.1" 200 -
[10/Sep/2026 00:22:03] "GET /media/b/216404_758051d75de04bf4a1ff7541c3ebf540~mv2.png HTTP/1.1" 200 -
[10/Sep/2026 00:22:03] "GET /media/b/216404_a3878909b7204e959504e7193bc90801~mv2.png HTTP/1.1" 200 -
[10/Sep/2026 00:22:03] "GET /media/b/216404_33ca5cd93f4643eeb818bf63f6f8f680~mv2.png HTTP/1.1" 200 -
[10/Sep/2026 00:22:03] "GET /media/b/216404_783194e4ff72464f80ae1fb41d707994~mv2.png HTTP/1.1" 200 -
[10/Sep/2026 00:22:03] "GET /media/b/216404_01ef989b744a4e21af0caff523ccdc17~mv2.png HTTP/1.1" 200 -
[10/Sep/2026 00:22:03] "GET /media/b/216404_93e622c0b36445cf809c43d22c068033~mv2.png HTTP/1.1" 200 -
[10/Sep/2026 00:22:03] "GET /media/b/216404_4f33e4e8c77b4f20b4d3038c3adc7c81~mv2.png HTTP/1.1" 200 -
[10/Sep/2026 00:22:03] "GET /media/b/216404_920f0d89c8904221b59e566899f37bbb~mv2.png HTTP/1.1" 200 -
[10/Sep/2026 00:22:03] "GET /media/b/216404_6f573b55ac774e19a392ac86bf84371d~mv2.png HTTP/1.1" 200 -
[10/Sep/2026 00:22:04] "GET /favicon.ico HTTP/1.1" 200 -
[10/Sep/2026 00:22:17] "GET /properties HTTP/1.1" 200 -
[10/Sep/2026 00:22:17] "GET /_astro/entry.nm0Hktb4.css HTTP/1.1" 200 -
[10/Sep/2026 00:22:17] "GET /_astro/_slug_.BMRhjz4F.css HTTP/1.1" 200 -
[10/Sep/2026 00:22:17] "GET /__offline__/boot.json HTTP/1.1" 200 -
[10/Sep/2026 00:22:17] "GET /__offline__/offline-shim.js HTTP/1.1" 200 -
[10/Sep/2026 00:22:17] "GET /_astro/page.Da4Tm9W1.js HTTP/1.1" 200 -
[10/Sep/2026 00:22:17] "GET /__offline__/data/blogposts.json HTTP/1.1" 200 -
[10/Sep/2026 00:22:17] "GET /__offline__/data/faq.json HTTP/1.1" 200 -
[10/Sep/2026 00:22:18] "GET /__offline__/data/featuredreels.json HTTP/1.1" 200 -
[10/Sep/2026 00:22:18] "GET /__offline__/data/properties.json HTTP/1.1" 200 -
[10/Sep/2026 00:22:18] "GET /__offline__/data/propertyimages.json HTTP/1.1" 200 -
[10/Sep/2026 00:22:18] "GET /__offline__/data/propertyvideos.json HTTP/1.1" 200 -
[10/Sep/2026 00:22:18] "GET /__offline__/data/testimonials.json HTTP/1.1" 200 -
[10/Sep/2026 00:22:18] "GET /parastorage/services/cookie-consent-policy-client/1.983.0/headlessApp.bundle.min.js HTTP/1.1" 200 -
[10/Sep/2026 00:22:19] "GET /_astro/address.CihO0Mvv.js HTTP/1.1" 200 -
[10/Sep/2026 00:22:19] "GET /parastorage/services/site-consent-policy/1.10.0/site-consent-policy.umd.min.js HTTP/1.1" 200 -
[10/Sep/2026 00:22:19] "GET /_astro/setup.4cZrxQ76.js HTTP/1.1" 200 -
[10/Sep/2026 00:22:19] "GET /_astro/astro_scripts/before-hydration.js.Dh2kxll0.js HTTP/1.1" 200 -
[10/Sep/2026 00:22:19] "GET /parastorage/services/site-bi/1.17.0/site-bi.umd.min.js HTTP/1.1" 200 -
[10/Sep/2026 00:22:19] "GET /_astro/_commonjsHelpers.C0HnJYVl.js HTTP/1.1" 200 -
[10/Sep/2026 00:22:19] "GET /_astro/client.CWebG0_l.js HTTP/1.1" 200 -
[10/Sep/2026 00:22:19] "GET /_astro/Router.BPj9U-nC.js HTTP/1.1" 200 -
[10/Sep/2026 00:22:19] "GET /parastorage/services/tag-manager-client/1.1075.0/siteTags.bundle.min.js HTTP/1.1" 200 -
[10/Sep/2026 00:22:19] "GET /parastorage/services/site-analytics/1.14.0/site-analytics.umd.min.js HTTP/1.1" 200 -
[10/Sep/2026 00:22:19] "GET /_astro/index.QbErGXhl.js HTTP/1.1" 200 -
[10/Sep/2026 00:22:20] "GET /media/b/216404_cdb7bfa69955412eb69f5756fe3d7ee4~mv2.jpg HTTP/1.1" 200 -
[10/Sep/2026 00:22:20] "GET /media/b/216404_de1db352e6914ada8f4e946fbc8349ec~mv2.jpg HTTP/1.1" 200 -
[10/Sep/2026 00:22:30] "GET /videos HTTP/1.1" 200 -
[10/Sep/2026 00:22:30] "GET /_astro/entry.nm0Hktb4.css HTTP/1.1" 200 -
[10/Sep/2026 00:22:30] "GET /_astro/_slug_.BMRhjz4F.css HTTP/1.1" 200 -
[10/Sep/2026 00:22:30] "GET /_astro/page.Da4Tm9W1.js HTTP/1.1" 200 -
[10/Sep/2026 00:22:30] "GET /__offline__/offline-shim.js HTTP/1.1" 200 -
[10/Sep/2026 00:22:30] "GET /__offline__/boot.json HTTP/1.1" 200 -
[10/Sep/2026 00:22:30] "GET /__offline__/data/blogposts.json HTTP/1.1" 200 -
[10/Sep/2026 00:22:31] "GET /__offline__/data/faq.json HTTP/1.1" 200 -
[10/Sep/2026 00:22:31] "GET /__offline__/data/featuredreels.json HTTP/1.1" 200 -
[10/Sep/2026 00:22:31] "GET /__offline__/data/properties.json HTTP/1.1" 200 -
[10/Sep/2026 00:22:31] "GET /__offline__/data/propertyimages.json HTTP/1.1" 200 -
[10/Sep/2026 00:22:31] "GET /__offline__/data/propertyvideos.json HTTP/1.1" 200 -
[10/Sep/2026 00:22:31] "GET /__offline__/data/testimonials.json HTTP/1.1" 200 -
[10/Sep/2026 00:22:31] "GET /_astro/astro_scripts/before-hydration.js.Dh2kxll0.js HTTP/1.1" 200 -
[10/Sep/2026 00:22:32] "GET /_astro/_commonjsHelpers.C0HnJYVl.js HTTP/1.1" 200 -
[10/Sep/2026 00:22:32] "GET /_astro/address.CihO0Mvv.js HTTP/1.1" 200 -
[10/Sep/2026 00:22:32] "GET /parastorage/services/cookie-consent-policy-client/1.983.0/headlessApp.bundle.min.js HTTP/1.1" 200 -
[10/Sep/2026 00:22:32] "GET /_astro/setup.4cZrxQ76.js HTTP/1.1" 200 -
[10/Sep/2026 00:22:32] "GET /parastorage/services/site-consent-policy/1.10.0/site-consent-policy.umd.min.js HTTP/1.1" 200 -
[10/Sep/2026 00:22:32] "GET /_astro/Router.BPj9U-nC.js HTTP/1.1" 200 -
[10/Sep/2026 00:22:32] "GET /_astro/client.CWebG0_l.js HTTP/1.1" 200 -
[10/Sep/2026 00:22:32] "GET /_astro/index.QbErGXhl.js HTTP/1.1" 200 -
[10/Sep/2026 00:22:32] "GET /parastorage/services/site-bi/1.17.0/site-bi.umd.min.js HTTP/1.1" 200 -
[10/Sep/2026 00:22:32] "GET /parastorage/services/site-analytics/1.14.0/site-analytics.umd.min.js HTTP/1.1" 200 -
[10/Sep/2026 00:22:32] "GET /media/b/216404_0ec19c0bf06b4f86bfb28a36fc3e62a1~mv2.png?originWidth=640&originHeight=640 HTTP/1.1" 200 -
[10/Sep/2026 00:22:32] "GET /media/b/216404_5e5713a6adad4dde972499f2165bfb64~mv2.png?originWidth=640&originHeight=640 HTTP/1.1" 200 -
[10/Sep/2026 00:22:32] "GET /media/b/216404_131742608e0d44ecbcf442635ed4b060~mv2.png?originWidth=640&originHeight=640 HTTP/1.1" 200 -
[10/Sep/2026 00:22:32] "GET /media/b/216404_b2f99824fcc04d8c8f09ed26ff53c704~mv2.png?originWidth=640&originHeight=640 HTTP/1.1" 200 -
[10/Sep/2026 00:22:32] "GET /media/b/216404_e716f1ec688f44c88840b0b2bab466ad~mv2.png?originWidth=640&originHeight=640 HTTP/1.1" 200 -
[10/Sep/2026 00:22:32] "GET /media/b/216404_573d079b77514653a525976826fca658~mv2.png?originWidth=640&originHeight=640 HTTP/1.1" 200 -
[10/Sep/2026 00:22:32] "GET /media/b/216404_d8279617d45f4060ba5fa85003c2d1ee~mv2.png?originWidth=640&originHeight=640 HTTP/1.1" 200 -
[10/Sep/2026 00:22:33] "GET /parastorage/services/tag-manager-client/1.1075.0/siteTags.bundle.min.js HTTP/1.1" 200 -
[10/Sep/2026 00:22:33] "GET /media/b/216404_402c7cbb5bc14fa1a454d4dcec4a68a5~mv2.png?originWidth=640&originHeight=640 HTTP/1.1" 200 -
[10/Sep/2026 00:22:33] "GET /media/b/216404_d52b8e425a4c4ce3951de0a575d5abde~mv2.png?originWidth=640&originHeight=640 HTTP/1.1" 200 -
[10/Sep/2026 00:22:33] "GET /media/b/216404_cdb7bfa69955412eb69f5756fe3d7ee4~mv2.jpg HTTP/1.1" 200 -
[10/Sep/2026 00:22:33] "GET /media/b/216404_de1db352e6914ada8f4e946fbc8349ec~mv2.jpg HTTP/1.1" 200 -
[10/Sep/2026 00:22:33] "GET /media/b/216404_e740a65c81ba43668397c55ea8facac1~mv2.png?originWidth=640&originHeight=640 HTTP/1.1" 200 -
[10/Sep/2026 00:22:43] "GET /blog HTTP/1.1" 200 -
[10/Sep/2026 00:22:43] "GET /__offline__/boot.json HTTP/1.1" 200 -
[10/Sep/2026 00:22:43] "GET /_astro/_slug_.BMRhjz4F.css HTTP/1.1" 200 -
[10/Sep/2026 00:22:43] "GET /_astro/entry.nm0Hktb4.css HTTP/1.1" 200 -
[10/Sep/2026 00:22:43] "GET /__offline__/data/blogposts.json HTTP/1.1" 200 -
[10/Sep/2026 00:22:43] "GET /__offline__/offline-shim.js HTTP/1.1" 200 -
[10/Sep/2026 00:22:43] "GET /_astro/page.Da4Tm9W1.js HTTP/1.1" 200 -
[10/Sep/2026 00:22:44] "GET /__offline__/data/faq.json HTTP/1.1" 200 -
[10/Sep/2026 00:22:44] "GET /__offline__/data/featuredreels.json HTTP/1.1" 200 -
[10/Sep/2026 00:22:44] "GET /__offline__/data/properties.json HTTP/1.1" 200 -
[10/Sep/2026 00:22:44] "GET /__offline__/data/propertyimages.json HTTP/1.1" 200 -
[10/Sep/2026 00:22:44] "GET /__offline__/data/propertyvideos.json HTTP/1.1" 200 -
[10/Sep/2026 00:22:44] "GET /__offline__/data/testimonials.json HTTP/1.1" 200 -
[10/Sep/2026 00:22:45] "GET /_astro/astro_scripts/before-hydration.js.Dh2kxll0.js HTTP/1.1" 200 -
[10/Sep/2026 00:22:45] "GET /_astro/setup.4cZrxQ76.js HTTP/1.1" 200 -
[10/Sep/2026 00:22:45] "GET /_astro/address.CihO0Mvv.js HTTP/1.1" 200 -
[10/Sep/2026 00:22:45] "GET /_astro/_commonjsHelpers.C0HnJYVl.js HTTP/1.1" 200 -
[10/Sep/2026 00:22:45] "GET /parastorage/services/cookie-consent-policy-client/1.983.0/headlessApp.bundle.min.js HTTP/1.1" 200 -
[10/Sep/2026 00:22:45] "GET /parastorage/services/site-consent-policy/1.10.0/site-consent-policy.umd.min.js HTTP/1.1" 200 -
[10/Sep/2026 00:22:45] "GET /_astro/Router.BPj9U-nC.js HTTP/1.1" 200 -
[10/Sep/2026 00:22:45] "GET /_astro/client.CWebG0_l.js HTTP/1.1" 200 -
[10/Sep/2026 00:22:45] "GET /parastorage/services/site-bi/1.17.0/site-bi.umd.min.js HTTP/1.1" 200 -
[10/Sep/2026 00:22:45] "GET /parastorage/services/site-analytics/1.14.0/site-analytics.umd.min.js HTTP/1.1" 200 -
[10/Sep/2026 00:22:45] "GET /_astro/index.QbErGXhl.js HTTP/1.1" 200 -
[10/Sep/2026 00:22:45] "GET /media/b/216404_99b65d8e4edf4d9ea8caf90e0a80662d~mv2.png?originWidth=640&originHeight=640 HTTP/1.1" 200 -
[10/Sep/2026 00:22:45] "GET /media/b/216404_5f7722e68d99447f9643b00d600c646d~mv2.png?originWidth=640&originHeight=640 HTTP/1.1" 200 -
[10/Sep/2026 00:22:45] "GET /media/b/216404_ff8f1ea23ce14c1da752be07f360d641~mv2.png?originWidth=640&originHeight=640 HTTP/1.1" 200 -
[10/Sep/2026 00:22:45] "GET /parastorage/services/tag-manager-client/1.1075.0/siteTags.bundle.min.js HTTP/1.1" 200 -
[10/Sep/2026 00:22:45] "GET /media/b/216404_cdb7bfa69955412eb69f5756fe3d7ee4~mv2.jpg HTTP/1.1" 200 -
[10/Sep/2026 00:22:45] "GET /media/b/216404_de1db352e6914ada8f4e946fbc8349ec~mv2.jpg HTTP/1.1" 200 -
[10/Sep/2026 00:22:46] "GET /media/b/216404_6f4776b3d4b5438aa2725ac8ad1fded8~mv2.png?originWidth=640&originHeight=640 HTTP/1.1" 200 -
[10/Sep/2026 00:22:46] "GET /media/b/216404_7e7a2452a0be4e29b1868cd2b3b7dae7~mv2.png?originWidth=640&originHeight=640 HTTP/1.1" 200 -
[10/Sep/2026 00:22:46] "GET /media/b/216404_b7b5b69e151b47ea86c040e4e14d5207~mv2.png?originWidth=640&originHeight=640 HTTP/1.1" 200 -
[10/Sep/2026 00:22:56] "GET /work-with-us HTTP/1.1" 200 -
[10/Sep/2026 00:22:56] "GET /__offline__/boot.json HTTP/1.1" 200 -
[10/Sep/2026 00:22:56] "GET /__offline__/data/blogposts.json HTTP/1.1" 200 -
[10/Sep/2026 00:22:56] "GET /__offline__/offline-shim.js HTTP/1.1" 200 -
[10/Sep/2026 00:22:56] "GET /_astro/_slug_.BMRhjz4F.css HTTP/1.1" 200 -
[10/Sep/2026 00:22:56] "GET /_astro/entry.nm0Hktb4.css HTTP/1.1" 200 -
[10/Sep/2026 00:22:56] "GET /_astro/page.Da4Tm9W1.js HTTP/1.1" 200 -
[10/Sep/2026 00:22:57] "GET /__offline__/data/faq.json HTTP/1.1" 200 -
[10/Sep/2026 00:22:57] "GET /__offline__/data/featuredreels.json HTTP/1.1" 200 -
[10/Sep/2026 00:22:57] "GET /__offline__/data/properties.json HTTP/1.1" 200 -
[10/Sep/2026 00:22:57] "GET /__offline__/data/propertyimages.json HTTP/1.1" 200 -
[10/Sep/2026 00:22:57] "GET /__offline__/data/propertyvideos.json HTTP/1.1" 200 -
[10/Sep/2026 00:22:57] "GET /__offline__/data/testimonials.json HTTP/1.1" 200 -
[10/Sep/2026 00:22:58] "GET /_astro/astro_scripts/before-hydration.js.Dh2kxll0.js HTTP/1.1" 200 -
[10/Sep/2026 00:22:58] "GET /_astro/setup.4cZrxQ76.js HTTP/1.1" 200 -
[10/Sep/2026 00:22:58] "GET /_astro/address.CihO0Mvv.js HTTP/1.1" 200 -
[10/Sep/2026 00:22:58] "GET /_astro/_commonjsHelpers.C0HnJYVl.js HTTP/1.1" 200 -
[10/Sep/2026 00:22:58] "GET /parastorage/services/cookie-consent-policy-client/1.983.0/headlessApp.bundle.min.js HTTP/1.1" 200 -
[10/Sep/2026 00:22:58] "GET /parastorage/services/site-consent-policy/1.10.0/site-consent-policy.umd.min.js HTTP/1.1" 200 -
[10/Sep/2026 00:22:58] "GET /_astro/Router.BPj9U-nC.js HTTP/1.1" 200 -
[10/Sep/2026 00:22:58] "GET /parastorage/services/site-bi/1.17.0/site-bi.umd.min.js HTTP/1.1" 200 -
[10/Sep/2026 00:22:58] "GET /parastorage/services/site-analytics/1.14.0/site-analytics.umd.min.js HTTP/1.1" 200 -
[10/Sep/2026 00:22:58] "GET /_astro/index.QbErGXhl.js HTTP/1.1" 200 -
[10/Sep/2026 00:22:58] "GET /_astro/client.CWebG0_l.js HTTP/1.1" 200 -
[10/Sep/2026 00:22:58] "GET /parastorage/services/tag-manager-client/1.1075.0/siteTags.bundle.min.js HTTP/1.1" 200 -
[10/Sep/2026 00:22:58] "GET /media/b/216404_de1db352e6914ada8f4e946fbc8349ec~mv2.jpg HTTP/1.1" 200 -
[10/Sep/2026 00:22:58] "GET /media/b/216404_cdb7bfa69955412eb69f5756fe3d7ee4~mv2.jpg HTTP/1.1" 200 -
[10/Sep/2026 00:23:09] "GET /sell-property HTTP/1.1" 200 -
[10/Sep/2026 00:23:10] "GET /__offline__/boot.json HTTP/1.1" 200 -
[10/Sep/2026 00:23:10] "GET /_astro/page.Da4Tm9W1.js HTTP/1.1" 200 -
[10/Sep/2026 00:23:10] "GET /__offline__/data/blogposts.json HTTP/1.1" 200 -
[10/Sep/2026 00:23:10] "GET /_astro/entry.nm0Hktb4.css HTTP/1.1" 200 -
[10/Sep/2026 00:23:10] "GET /__offline__/offline-shim.js HTTP/1.1" 200 -
[10/Sep/2026 00:23:10] "GET /_astro/_slug_.BMRhjz4F.css HTTP/1.1" 200 -
[10/Sep/2026 00:23:10] "GET /__offline__/data/faq.json HTTP/1.1" 200 -
[10/Sep/2026 00:23:10] "GET /__offline__/data/featuredreels.json HTTP/1.1" 200 -
[10/Sep/2026 00:23:10] "GET /__offline__/data/properties.json HTTP/1.1" 200 -
[10/Sep/2026 00:23:10] "GET /__offline__/data/propertyimages.json HTTP/1.1" 200 -
[10/Sep/2026 00:23:11] "GET /__offline__/data/propertyvideos.json HTTP/1.1" 200 -
[10/Sep/2026 00:23:11] "GET /__offline__/data/testimonials.json HTTP/1.1" 200 -
[10/Sep/2026 00:23:11] "GET /_astro/astro_scripts/before-hydration.js.Dh2kxll0.js HTTP/1.1" 200 -
[10/Sep/2026 00:23:11] "GET /_astro/setup.4cZrxQ76.js HTTP/1.1" 200 -
[10/Sep/2026 00:23:11] "GET /_astro/address.CihO0Mvv.js HTTP/1.1" 200 -
[10/Sep/2026 00:23:11] "GET /_astro/_commonjsHelpers.C0HnJYVl.js HTTP/1.1" 200 -
[10/Sep/2026 00:23:11] "GET /parastorage/services/site-consent-policy/1.10.0/site-consent-policy.umd.min.js HTTP/1.1" 200 -
[10/Sep/2026 00:23:11] "GET /parastorage/services/cookie-consent-policy-client/1.983.0/headlessApp.bundle.min.js HTTP/1.1" 200 -
[10/Sep/2026 00:23:11] "GET /_astro/Router.BPj9U-nC.js HTTP/1.1" 200 -
[10/Sep/2026 00:23:11] "GET /_astro/index.QbErGXhl.js HTTP/1.1" 200 -
[10/Sep/2026 00:23:11] "GET /parastorage/services/site-bi/1.17.0/site-bi.umd.min.js HTTP/1.1" 200 -
[10/Sep/2026 00:23:11] "GET /_astro/client.CWebG0_l.js HTTP/1.1" 200 -
[10/Sep/2026 00:23:11] "GET /parastorage/services/site-analytics/1.14.0/site-analytics.umd.min.js HTTP/1.1" 200 -
[10/Sep/2026 00:23:12] "GET /parastorage/services/tag-manager-client/1.1075.0/siteTags.bundle.min.js HTTP/1.1" 200 -
[10/Sep/2026 00:23:12] "GET /media/b/216404_de1db352e6914ada8f4e946fbc8349ec~mv2.jpg HTTP/1.1" 200 -
[10/Sep/2026 00:23:12] "GET /media/b/216404_cdb7bfa69955412eb69f5756fe3d7ee4~mv2.jpg HTTP/1.1" 200 -
[10/Sep/2026 00:23:23] "GET /projects HTTP/1.1" 200 -
[10/Sep/2026 00:23:23] "GET /__offline__/boot.json HTTP/1.1" 200 -
[10/Sep/2026 00:23:23] "GET /__offline__/data/blogposts.json HTTP/1.1" 200 -
[10/Sep/2026 00:23:23] "GET /_astro/_slug_.BMRhjz4F.css HTTP/1.1" 200 -
[10/Sep/2026 00:23:23] "GET /_astro/entry.nm0Hktb4.css HTTP/1.1" 200 -
[10/Sep/2026 00:23:23] "GET /_astro/page.Da4Tm9W1.js HTTP/1.1" 200 -
[10/Sep/2026 00:23:23] "GET /__offline__/offline-shim.js HTTP/1.1" 200 -
[10/Sep/2026 00:23:23] "GET /__offline__/data/faq.json HTTP/1.1" 200 -
[10/Sep/2026 00:23:23] "GET /__offline__/data/featuredreels.json HTTP/1.1" 200 -
[10/Sep/2026 00:23:23] "GET /__offline__/data/properties.json HTTP/1.1" 200 -
[10/Sep/2026 00:23:24] "GET /__offline__/data/propertyimages.json HTTP/1.1" 200 -
[10/Sep/2026 00:23:24] "GET /__offline__/data/propertyvideos.json HTTP/1.1" 200 -
[10/Sep/2026 00:23:24] "GET /__offline__/data/testimonials.json HTTP/1.1" 200 -
[10/Sep/2026 00:23:24] "GET /_astro/astro_scripts/before-hydration.js.Dh2kxll0.js HTTP/1.1" 200 -
[10/Sep/2026 00:23:24] "GET /_astro/_commonjsHelpers.C0HnJYVl.js HTTP/1.1" 200 -
[10/Sep/2026 00:23:24] "GET /_astro/setup.4cZrxQ76.js HTTP/1.1" 200 -
[10/Sep/2026 00:23:24] "GET /parastorage/services/site-consent-policy/1.10.0/site-consent-policy.umd.min.js HTTP/1.1" 200 -
[10/Sep/2026 00:23:24] "GET /_astro/address.CihO0Mvv.js HTTP/1.1" 200 -
[10/Sep/2026 00:23:24] "GET /parastorage/services/cookie-consent-policy-client/1.983.0/headlessApp.bundle.min.js HTTP/1.1" 200 -
[10/Sep/2026 00:23:24] "GET /_astro/Router.BPj9U-nC.js HTTP/1.1" 200 -
[10/Sep/2026 00:23:24] "GET /parastorage/services/site-bi/1.17.0/site-bi.umd.min.js HTTP/1.1" 200 -
[10/Sep/2026 00:23:24] "GET /_astro/client.CWebG0_l.js HTTP/1.1" 200 -
[10/Sep/2026 00:23:24] "GET /_astro/index.QbErGXhl.js HTTP/1.1" 200 -
[10/Sep/2026 00:23:24] "GET /parastorage/services/site-analytics/1.14.0/site-analytics.umd.min.js HTTP/1.1" 200 -
[10/Sep/2026 00:23:25] "GET /parastorage/services/tag-manager-client/1.1075.0/siteTags.bundle.min.js HTTP/1.1" 200 -
[10/Sep/2026 00:23:25] "GET /media/b/216404_cdb7bfa69955412eb69f5756fe3d7ee4~mv2.jpg HTTP/1.1" 200 -
[10/Sep/2026 00:23:25] "GET /media/b/216404_de1db352e6914ada8f4e946fbc8349ec~mv2.jpg HTTP/1.1" 200 -
[10/Sep/2026 00:23:36] "GET /property/007e57c0-b818-4005-b8e2-3c67c9a26cb5 HTTP/1.1" 200 -
[10/Sep/2026 00:23:36] "GET /__offline__/boot.json HTTP/1.1" 200 -
[10/Sep/2026 00:23:36] "GET /__offline__/offline-shim.js HTTP/1.1" 200 -
[10/Sep/2026 00:23:36] "GET /__offline__/data/blogposts.json HTTP/1.1" 200 -
[10/Sep/2026 00:23:36] "GET /_astro/_slug_.BMRhjz4F.css HTTP/1.1" 200 -
[10/Sep/2026 00:23:36] "GET /_astro/page.Da4Tm9W1.js HTTP/1.1" 200 -
[10/Sep/2026 00:23:36] "GET /_astro/entry.nm0Hktb4.css HTTP/1.1" 200 -
[10/Sep/2026 00:23:36] "GET /__offline__/data/faq.json HTTP/1.1" 200 -
[10/Sep/2026 00:23:36] "GET /__offline__/data/featuredreels.json HTTP/1.1" 200 -
[10/Sep/2026 00:23:36] "GET /__offline__/data/properties.json HTTP/1.1" 200 -
[10/Sep/2026 00:23:37] "GET /__offline__/data/propertyimages.json HTTP/1.1" 200 -
[10/Sep/2026 00:23:37] "GET /__offline__/data/propertyvideos.json HTTP/1.1" 200 -
[10/Sep/2026 00:23:37] "GET /__offline__/data/testimonials.json HTTP/1.1" 200 -
[10/Sep/2026 00:23:37] "GET /_astro/astro_scripts/before-hydration.js.Dh2kxll0.js HTTP/1.1" 200 -
[10/Sep/2026 00:23:37] "GET /_astro/address.CihO0Mvv.js HTTP/1.1" 200 -
[10/Sep/2026 00:23:37] "GET /parastorage/services/cookie-consent-policy-client/1.983.0/headlessApp.bundle.min.js HTTP/1.1" 200 -
[10/Sep/2026 00:23:37] "GET /_astro/setup.4cZrxQ76.js HTTP/1.1" 200 -
[10/Sep/2026 00:23:37] "GET /parastorage/services/site-consent-policy/1.10.0/site-consent-policy.umd.min.js HTTP/1.1" 200 -
[10/Sep/2026 00:23:37] "GET /_astro/_commonjsHelpers.C0HnJYVl.js HTTP/1.1" 200 -
[10/Sep/2026 00:23:37] "GET /_astro/Router.BPj9U-nC.js HTTP/1.1" 200 -
[10/Sep/2026 00:23:37] "GET /_astro/index.QbErGXhl.js HTTP/1.1" 200 -
[10/Sep/2026 00:23:37] "GET /parastorage/services/site-bi/1.17.0/site-bi.umd.min.js HTTP/1.1" 200 -
[10/Sep/2026 00:23:37] "GET /_astro/client.CWebG0_l.js HTTP/1.1" 200 -
[10/Sep/2026 00:23:37] "GET /parastorage/services/site-analytics/1.14.0/site-analytics.umd.min.js HTTP/1.1" 200 -
[10/Sep/2026 00:23:38] "GET /parastorage/services/tag-manager-client/1.1075.0/siteTags.bundle.min.js HTTP/1.1" 200 -
[10/Sep/2026 00:23:38] "GET /media/b/216404_cdb7bfa69955412eb69f5756fe3d7ee4~mv2.jpg HTTP/1.1" 200 -
[10/Sep/2026 00:23:38] "GET /media/b/216404_de1db352e6914ada8f4e946fbc8349ec~mv2.jpg HTTP/1.1" 200 -
[10/Sep/2026 00:23:49] "GET /property/75de911b-220e-4e2c-89e8-d7d901a06b1b HTTP/1.1" 200 -
[10/Sep/2026 00:23:49] "GET /__offline__/boot.json HTTP/1.1" 200 -
[10/Sep/2026 00:23:49] "GET /_astro/entry.nm0Hktb4.css HTTP/1.1" 200 -
[10/Sep/2026 00:23:49] "GET /__offline__/data/blogposts.json HTTP/1.1" 200 -
[10/Sep/2026 00:23:49] "GET /_astro/_slug_.BMRhjz4F.css HTTP/1.1" 200 -
[10/Sep/2026 00:23:49] "GET /__offline__/offline-shim.js HTTP/1.1" 200 -
[10/Sep/2026 00:23:49] "GET /_astro/page.Da4Tm9W1.js HTTP/1.1" 200 -
[10/Sep/2026 00:23:49] "GET /__offline__/data/faq.json HTTP/1.1" 200 -
[10/Sep/2026 00:23:49] "GET /__offline__/data/featuredreels.json HTTP/1.1" 200 -
[10/Sep/2026 00:23:50] "GET /__offline__/data/properties.json HTTP/1.1" 200 -
[10/Sep/2026 00:23:50] "GET /__offline__/data/propertyimages.json HTTP/1.1" 200 -
[10/Sep/2026 00:23:50] "GET /__offline__/data/propertyvideos.json HTTP/1.1" 200 -
[10/Sep/2026 00:23:50] "GET /__offline__/data/testimonials.json HTTP/1.1" 200 -
[10/Sep/2026 00:23:50] "GET /_astro/astro_scripts/before-hydration.js.Dh2kxll0.js HTTP/1.1" 200 -
[10/Sep/2026 00:23:50] "GET /_astro/setup.4cZrxQ76.js HTTP/1.1" 200 -
[10/Sep/2026 00:23:50] "GET /_astro/address.CihO0Mvv.js HTTP/1.1" 200 -
[10/Sep/2026 00:23:50] "GET /_astro/_commonjsHelpers.C0HnJYVl.js HTTP/1.1" 200 -
[10/Sep/2026 00:23:50] "GET /parastorage/services/site-consent-policy/1.10.0/site-consent-policy.umd.min.js HTTP/1.1" 200 -
[10/Sep/2026 00:23:50] "GET /parastorage/services/cookie-consent-policy-client/1.983.0/headlessApp.bundle.min.js HTTP/1.1" 200 -
[10/Sep/2026 00:23:51] "GET /_astro/Router.BPj9U-nC.js HTTP/1.1" 200 -
[10/Sep/2026 00:23:51] "GET /_astro/client.CWebG0_l.js HTTP/1.1" 200 -
[10/Sep/2026 00:23:51] "GET /parastorage/services/site-analytics/1.14.0/site-analytics.umd.min.js HTTP/1.1" 200 -
[10/Sep/2026 00:23:51] "GET /_astro/index.QbErGXhl.js HTTP/1.1" 200 -
[10/Sep/2026 00:23:51] "GET /parastorage/services/site-bi/1.17.0/site-bi.umd.min.js HTTP/1.1" 200 -
[10/Sep/2026 00:23:51] "GET /parastorage/services/tag-manager-client/1.1075.0/siteTags.bundle.min.js HTTP/1.1" 200 -
[10/Sep/2026 00:23:51] "GET /media/b/216404_cdb7bfa69955412eb69f5756fe3d7ee4~mv2.jpg HTTP/1.1" 200 -
[10/Sep/2026 00:23:51] "GET /media/b/216404_de1db352e6914ada8f4e946fbc8349ec~mv2.jpg HTTP/1.1" 200 -
[10/Sep/2026 00:24:02] "GET /blog/47ea5159-5508-4052-b1fb-a66a72c23994 HTTP/1.1" 200 -
[10/Sep/2026 00:24:02] "GET /__offline__/boot.json HTTP/1.1" 200 -
[10/Sep/2026 00:24:02] "GET /__offline__/data/blogposts.json HTTP/1.1" 200 -
[10/Sep/2026 00:24:02] "GET /_astro/entry.nm0Hktb4.css HTTP/1.1" 200 -
[10/Sep/2026 00:24:02] "GET /_astro/_slug_.BMRhjz4F.css HTTP/1.1" 200 -
[10/Sep/2026 00:24:02] "GET /__offline__/offline-shim.js HTTP/1.1" 200 -
[10/Sep/2026 00:24:02] "GET /_astro/page.Da4Tm9W1.js HTTP/1.1" 200 -
[10/Sep/2026 00:24:03] "GET /__offline__/data/faq.json HTTP/1.1" 200 -
[10/Sep/2026 00:24:03] "GET /__offline__/data/featuredreels.json HTTP/1.1" 200 -
[10/Sep/2026 00:24:03] "GET /__offline__/data/properties.json HTTP/1.1" 200 -
[10/Sep/2026 00:24:03] "GET /__offline__/data/propertyimages.json HTTP/1.1" 200 -
[10/Sep/2026 00:24:03] "GET /__offline__/data/propertyvideos.json HTTP/1.1" 200 -
[10/Sep/2026 00:24:03] "GET /__offline__/data/testimonials.json HTTP/1.1" 200 -
[10/Sep/2026 00:24:03] "GET /_astro/astro_scripts/before-hydration.js.Dh2kxll0.js HTTP/1.1" 200 -
[10/Sep/2026 00:24:04] "GET /_astro/setup.4cZrxQ76.js HTTP/1.1" 200 -
[10/Sep/2026 00:24:04] "GET /parastorage/services/site-consent-policy/1.10.0/site-consent-policy.umd.min.js HTTP/1.1" 200 -
[10/Sep/2026 00:24:04] "GET /_astro/address.CihO0Mvv.js HTTP/1.1" 200 -
[10/Sep/2026 00:24:04] "GET /parastorage/services/cookie-consent-policy-client/1.983.0/headlessApp.bundle.min.js HTTP/1.1" 200 -
[10/Sep/2026 00:24:04] "GET /_astro/_commonjsHelpers.C0HnJYVl.js HTTP/1.1" 200 -
[10/Sep/2026 00:24:04] "GET /_astro/Router.BPj9U-nC.js HTTP/1.1" 200 -
[10/Sep/2026 00:24:04] "GET /_astro/client.CWebG0_l.js HTTP/1.1" 200 -
[10/Sep/2026 00:24:04] "GET /_astro/index.QbErGXhl.js HTTP/1.1" 200 -
[10/Sep/2026 00:24:04] "GET /parastorage/services/site-bi/1.17.0/site-bi.umd.min.js HTTP/1.1" 200 -
[10/Sep/2026 00:24:04] "GET /parastorage/services/site-analytics/1.14.0/site-analytics.umd.min.js HTTP/1.1" 200 -
[10/Sep/2026 00:24:04] "GET /parastorage/services/tag-manager-client/1.1075.0/siteTags.bundle.min.js HTTP/1.1" 200 -
[10/Sep/2026 00:24:04] "GET /media/b/216404_cdb7bfa69955412eb69f5756fe3d7ee4~mv2.jpg HTTP/1.1" 200 -
[10/Sep/2026 00:24:04] "GET /media/b/216404_ff8f1ea23ce14c1da752be07f360d641~mv2.png?originWidth=640&originHeight=640 HTTP/1.1" 200 -
[10/Sep/2026 00:24:04] "GET /media/b/216404_de1db352e6914ada8f4e946fbc8349ec~mv2.jpg HTTP/1.1" 200 -
[10/Sep/2026 00:28:32] "GET / HTTP/1.1" 200 -
[10/Sep/2026 00:28:33] "GET /__offline__/boot.json HTTP/1.1" 200 -
[10/Sep/2026 00:28:33] "GET /_astro/_slug_.BMRhjz4F.css HTTP/1.1" 200 -
[10/Sep/2026 00:28:33] "GET /__offline__/data/blogposts.json HTTP/1.1" 200 -
[10/Sep/2026 00:28:33] "GET /_astro/entry.nm0Hktb4.css HTTP/1.1" 200 -
[10/Sep/2026 00:28:33] "GET /__offline__/offline-shim.js HTTP/1.1" 200 -
[10/Sep/2026 00:28:33] "GET /_astro/page.Da4Tm9W1.js HTTP/1.1" 200 -
[10/Sep/2026 00:28:33] "GET /__offline__/data/faq.json HTTP/1.1" 200 -
[10/Sep/2026 00:28:33] "GET /__offline__/data/featuredreels.json HTTP/1.1" 200 -
[10/Sep/2026 00:28:33] "GET /__offline__/data/properties.json HTTP/1.1" 200 -
[10/Sep/2026 00:28:33] "GET /__offline__/data/propertyimages.json HTTP/1.1" 200 -
[10/Sep/2026 00:28:34] "GET /__offline__/data/propertyvideos.json HTTP/1.1" 200 -
[10/Sep/2026 00:28:34] "GET /__offline__/data/testimonials.json HTTP/1.1" 200 -
[10/Sep/2026 00:28:34] "GET /_astro/astro_scripts/before-hydration.js.Dh2kxll0.js HTTP/1.1" 200 -
[10/Sep/2026 00:28:34] "GET /_astro/setup.4cZrxQ76.js HTTP/1.1" 200 -
[10/Sep/2026 00:28:34] "GET /_astro/address.CihO0Mvv.js HTTP/1.1" 200 -
[10/Sep/2026 00:28:34] "GET /_astro/_commonjsHelpers.C0HnJYVl.js HTTP/1.1" 200 -
[10/Sep/2026 00:28:34] "GET /parastorage/services/cookie-consent-policy-client/1.983.0/headlessApp.bundle.min.js HTTP/1.1" 200 -
[10/Sep/2026 00:28:34] "GET /parastorage/services/site-consent-policy/1.10.0/site-consent-policy.umd.min.js HTTP/1.1" 200 -
[10/Sep/2026 00:28:34] "GET /_astro/Router.BPj9U-nC.js HTTP/1.1" 200 -
[10/Sep/2026 00:28:34] "GET /parastorage/services/site-analytics/1.14.0/site-analytics.umd.min.js HTTP/1.1" 200 -
[10/Sep/2026 00:28:34] "GET /parastorage/services/site-bi/1.17.0/site-bi.umd.min.js HTTP/1.1" 200 -
[10/Sep/2026 00:28:34] "GET /_astro/index.QbErGXhl.js HTTP/1.1" 200 -
[10/Sep/2026 00:28:34] "GET /_astro/client.CWebG0_l.js HTTP/1.1" 200 -
[10/Sep/2026 00:28:35] "GET /api/instagram-feed HTTP/1.1" 200 -
[10/Sep/2026 00:28:35] "GET /media/b/216404_cdb7bfa69955412eb69f5756fe3d7ee4~mv2.jpg HTTP/1.1" 200 -
[10/Sep/2026 00:28:35] "GET /parastorage/services/tag-manager-client/1.1075.0/siteTags.bundle.min.js HTTP/1.1" 200 -
[10/Sep/2026 00:28:35] "GET /media/b/216404_f65cc54333d24be5a89bdcee1dc23533~mv2.png HTTP/1.1" 200 -
[10/Sep/2026 00:28:35] "GET /media/b/216404_97db3425711a4c47b7e323bcddf4e809~mv2.png HTTP/1.1" 200 -
[10/Sep/2026 00:28:35] "GET /media/b/216404_37832f9939cc42bf807f2f4c05a2de54~mv2.png HTTP/1.1" 200 -
[10/Sep/2026 00:28:35] "GET /media/b/216404_9de56b8d718f451a8228d5eb070e81cf~mv2.png HTTP/1.1" 200 -
[10/Sep/2026 00:28:35] "GET /media/b/216404_945072a242df4460bb36d3642ca3a305~mv2.png HTTP/1.1" 200 -
[10/Sep/2026 00:28:35] "GET /media/b/216404_9353e73c5618436f98728bfdb3f4af7f~mv2.png HTTP/1.1" 200 -
[10/Sep/2026 00:28:35] "GET /media/b/216404_eec2b3792c3c41848a9055b7ada55ad2~mv2.png HTTP/1.1" 200 -
[10/Sep/2026 00:28:35] "GET /media/b/216404_c7a14c3ddf6a43eeadedd5140e908866~mv2.png HTTP/1.1" 200 -
[10/Sep/2026 00:28:35] "GET /media/b/216404_de1db352e6914ada8f4e946fbc8349ec~mv2.jpg HTTP/1.1" 200 -
[10/Sep/2026 00:28:35] "GET /media/b/216404_33bdfc3a1e7040b6a18d74d7ffbd5e4d~mv2.png HTTP/1.1" 200 -
[10/Sep/2026 00:28:35] "GET /media/b/216404_a3878909b7204e959504e7193bc90801~mv2.png HTTP/1.1" 200 -
[10/Sep/2026 00:28:35] "GET /media/b/216404_33ca5cd93f4643eeb818bf63f6f8f680~mv2.png HTTP/1.1" 200 -
[10/Sep/2026 00:28:35] "GET /media/b/216404_4982358ca6444db39bebc135a3c88b0f~mv2.png HTTP/1.1" 200 -
[10/Sep/2026 00:28:35] "GET /media/b/216404_758051d75de04bf4a1ff7541c3ebf540~mv2.png HTTP/1.1" 200 -
[10/Sep/2026 00:28:35] "GET /media/b/216404_783194e4ff72464f80ae1fb41d707994~mv2.png HTTP/1.1" 200 -
[10/Sep/2026 00:28:35] "GET /media/b/216404_01ef989b744a4e21af0caff523ccdc17~mv2.png HTTP/1.1" 200 -
[10/Sep/2026 00:28:36] "GET /media/b/216404_6f573b55ac774e19a392ac86bf84371d~mv2.png HTTP/1.1" 200 -
[10/Sep/2026 00:28:36] "GET /media/b/216404_4f33e4e8c77b4f20b4d3038c3adc7c81~mv2.png HTTP/1.1" 200 -
[10/Sep/2026 00:28:36] "GET /media/b/216404_93e622c0b36445cf809c43d22c068033~mv2.png HTTP/1.1" 200 -
[10/Sep/2026 00:28:36] "GET /media/b/216404_920f0d89c8904221b59e566899f37bbb~mv2.png HTTP/1.1" 200 -
[10/Sep/2026 00:28:36] "GET /favicon.ico HTTP/1.1" 200 -
----------------------------------------
Exception occurred during processing of request from ('127.0.0.1', 53337)
Traceback (most recent call last):
  File "C:\Users\roshh\AppData\Roaming\uv\python\cpython-3.11-windows-x86_64-none\Lib\socketserver.py", line 691, in process_request_thread
    self.finish_request(request, client_address)
  File "C:\Users\roshh\AppData\Roaming\uv\python\cpython-3.11-windows-x86_64-none\Lib\socketserver.py", line 361, in finish_request
    self.RequestHandlerClass(request, client_address, self)
  File "A:\projectssproperty\server.py", line 42, in __init__
    super().__init__(*a, directory=ROOT, **kw)
  File "C:\Users\roshh\AppData\Roaming\uv\python\cpython-3.11-windows-x86_64-none\Lib\http\server.py", line 675, in __init__
    super().__init__(*args, **kwargs)
  File "C:\Users\roshh\AppData\Roaming\uv\python\cpython-3.11-windows-x86_64-none\Lib\socketserver.py", line 755, in __init__
    self.handle()
  File "C:\Users\roshh\AppData\Roaming\uv\python\cpython-3.11-windows-x86_64-none\Lib\http\server.py", line 440, in handle
    self.handle_one_request()
  File "C:\Users\roshh\AppData\Roaming\uv\python\cpython-3.11-windows-x86_64-none\Lib\http\server.py", line 408, in handle_one_request
    self.raw_requestline = self.rfile.readline(65537)
                           ^^^^^^^^^^^^^^^^^^^^^^^^^^
  File "C:\Users\roshh\AppData\Roaming\uv\python\cpython-3.11-windows-x86_64-none\Lib\socket.py", line 718, in readinto
    return self._sock.recv_into(b)
           ^^^^^^^^^^^^^^^^^^^^^^^
ConnectionResetError: [WinError 10054] An existing connection was forcibly closed by the remote host
----------------------------------------
[10/Sep/2026 00:32:48] "GET / HTTP/1.1" 200 -
[10/Sep/2026 00:32:49] "GET /__offline__/boot.json HTTP/1.1" 200 -
[10/Sep/2026 00:32:49] "GET /_astro/entry.nm0Hktb4.css HTTP/1.1" 200 -
[10/Sep/2026 00:32:49] "GET /__offline__/data/blogposts.json HTTP/1.1" 200 -
[10/Sep/2026 00:32:49] "GET /_astro/_slug_.BMRhjz4F.css HTTP/1.1" 200 -
[10/Sep/2026 00:32:49] "GET /__offline__/offline-shim.js HTTP/1.1" 200 -
[10/Sep/2026 00:32:49] "GET /_astro/page.Da4Tm9W1.js HTTP/1.1" 200 -
[10/Sep/2026 00:32:49] "GET /__offline__/data/faq.json HTTP/1.1" 200 -
[10/Sep/2026 00:32:49] "GET /__offline__/data/featuredreels.json HTTP/1.1" 200 -
[10/Sep/2026 00:32:49] "GET /__offline__/data/properties.json HTTP/1.1" 200 -
[10/Sep/2026 00:32:49] "GET /__offline__/data/propertyimages.json HTTP/1.1" 200 -
[10/Sep/2026 00:32:50] "GET /__offline__/data/propertyvideos.json HTTP/1.1" 200 -
[10/Sep/2026 00:32:50] "GET /__offline__/data/testimonials.json HTTP/1.1" 200 -
[10/Sep/2026 00:32:50] "GET /_astro/astro_scripts/before-hydration.js.Dh2kxll0.js HTTP/1.1" 200 -
[10/Sep/2026 00:32:50] "GET /_astro/_commonjsHelpers.C0HnJYVl.js HTTP/1.1" 200 -
[10/Sep/2026 00:32:50] "GET /parastorage/services/cookie-consent-policy-client/1.983.0/headlessApp.bundle.min.js HTTP/1.1" 200 -
[10/Sep/2026 00:32:50] "GET /_astro/setup.4cZrxQ76.js HTTP/1.1" 200 -
[10/Sep/2026 00:32:50] "GET /_astro/address.CihO0Mvv.js HTTP/1.1" 200 -
[10/Sep/2026 00:32:50] "GET /parastorage/services/site-consent-policy/1.10.0/site-consent-policy.umd.min.js HTTP/1.1" 200 -
[10/Sep/2026 00:32:50] "GET /_astro/Router.BPj9U-nC.js HTTP/1.1" 200 -
[10/Sep/2026 00:32:50] "GET /_astro/client.CWebG0_l.js HTTP/1.1" 200 -
[10/Sep/2026 00:32:50] "GET /parastorage/services/site-bi/1.17.0/site-bi.umd.min.js HTTP/1.1" 200 -
[10/Sep/2026 00:32:50] "GET /_astro/index.QbErGXhl.js HTTP/1.1" 200 -
[10/Sep/2026 00:32:50] "GET /parastorage/services/site-analytics/1.14.0/site-analytics.umd.min.js HTTP/1.1" 200 -
[10/Sep/2026 00:32:51] "GET /api/instagram-feed HTTP/1.1" 200 -
[10/Sep/2026 00:32:51] "GET /media/v/216404_90d216724e3248f28c690e727e262972~mv2.png/fill/w_532,h_896,al_c,q_90,enc_auto/216404_90d216724e3248f28c690e727e262972~mv2.png HTTP/1.1" 200 -
[10/Sep/2026 00:32:51] "GET /parastorage/services/tag-manager-client/1.1075.0/siteTags.bundle.min.js HTTP/1.1" 200 -
[10/Sep/2026 00:32:51] "GET /media/b/216404_cdb7bfa69955412eb69f5756fe3d7ee4~mv2.jpg HTTP/1.1" 200 -
[10/Sep/2026 00:32:51] "GET /media/b/216404_f65cc54333d24be5a89bdcee1dc23533~mv2.png HTTP/1.1" 200 -
[10/Sep/2026 00:32:51] "GET /media/v/216404_90d216724e3248f28c690e727e262972~mv2.png/fill/w_49,h_27,al_c,q_85,usm_0.66_1.00_0.01,blur_2,enc_auto/216404_90d216724e3248f28c690e727e262972~mv2.png HTTP/1.1" 200 -
[10/Sep/2026 00:32:51] "GET /media/b/216404_97db3425711a4c47b7e323bcddf4e809~mv2.png HTTP/1.1" 200 -
[10/Sep/2026 00:32:51] "GET /media/b/216404_37832f9939cc42bf807f2f4c05a2de54~mv2.png HTTP/1.1" 200 -
[10/Sep/2026 00:32:51] "GET /media/b/216404_9de56b8d718f451a8228d5eb070e81cf~mv2.png HTTP/1.1" 200 -
[10/Sep/2026 00:32:51] "GET /media/b/216404_c7a14c3ddf6a43eeadedd5140e908866~mv2.png HTTP/1.1" 200 -
[10/Sep/2026 00:32:51] "GET /media/b/216404_945072a242df4460bb36d3642ca3a305~mv2.png HTTP/1.1" 200 -
[10/Sep/2026 00:32:51] "GET /media/b/216404_eec2b3792c3c41848a9055b7ada55ad2~mv2.png HTTP/1.1" 200 -
[10/Sep/2026 00:32:51] "GET /media/b/216404_9353e73c5618436f98728bfdb3f4af7f~mv2.png HTTP/1.1" 200 -
[10/Sep/2026 00:32:51] "GET /media/b/216404_de1db352e6914ada8f4e946fbc8349ec~mv2.jpg HTTP/1.1" 200 -
[10/Sep/2026 00:32:51] "GET /media/b/216404_bb0cc8409e634537b1758829eda75be9~mv2.jpg HTTP/1.1" 200 -
[10/Sep/2026 00:32:51] "GET /media/b/216404_a3878909b7204e959504e7193bc90801~mv2.png HTTP/1.1" 200 -
[10/Sep/2026 00:32:51] "GET /media/b/216404_33bdfc3a1e7040b6a18d74d7ffbd5e4d~mv2.png HTTP/1.1" 200 -
[10/Sep/2026 00:32:51] "GET /media/v/216404_bb0cc8409e634537b1758829eda75be9~mv2.jpg/fill/w_411,h_1280,fp_0.25_0.26,q_85,enc_auto/216404_bb0cc8409e634537b1758829eda75be9~mv2.jpg HTTP/1.1" 200 -
[10/Sep/2026 00:32:52] "GET /media/b/216404_33ca5cd93f4643eeb818bf63f6f8f680~mv2.png HTTP/1.1" 200 -
[10/Sep/2026 00:32:52] "GET /media/b/216404_758051d75de04bf4a1ff7541c3ebf540~mv2.png HTTP/1.1" 200 -
[10/Sep/2026 00:32:52] "GET /media/b/216404_4982358ca6444db39bebc135a3c88b0f~mv2.png HTTP/1.1" 200 -
[10/Sep/2026 00:32:52] "GET /media/b/216404_783194e4ff72464f80ae1fb41d707994~mv2.png HTTP/1.1" 200 -
[10/Sep/2026 00:32:52] "GET /media/b/216404_01ef989b744a4e21af0caff523ccdc17~mv2.png HTTP/1.1" 200 -
[10/Sep/2026 00:32:52] "GET /media/b/216404_93e622c0b36445cf809c43d22c068033~mv2.png HTTP/1.1" 200 -
[10/Sep/2026 00:32:52] "GET /media/b/216404_6f573b55ac774e19a392ac86bf84371d~mv2.png HTTP/1.1" 200 -
[10/Sep/2026 00:32:52] "GET /media/b/216404_920f0d89c8904221b59e566899f37bbb~mv2.png HTTP/1.1" 200 -
[10/Sep/2026 00:32:52] "GET /media/b/216404_4f33e4e8c77b4f20b4d3038c3adc7c81~mv2.png HTTP/1.1" 200 -
[10/Sep/2026 00:32:52] "GET /favicon.ico HTTP/1.1" 200 -
[10/Sep/2026 00:33:05] "GET /properties HTTP/1.1" 200 -
[10/Sep/2026 00:33:06] "GET /_astro/page.Da4Tm9W1.js HTTP/1.1" 200 -
[10/Sep/2026 00:33:06] "GET /_astro/_slug_.BMRhjz4F.css HTTP/1.1" 200 -
[10/Sep/2026 00:33:06] "GET /__offline__/boot.json HTTP/1.1" 200 -
[10/Sep/2026 00:33:06] "GET /_astro/entry.nm0Hktb4.css HTTP/1.1" 200 -
[10/Sep/2026 00:33:06] "GET /__offline__/offline-shim.js HTTP/1.1" 200 -
[10/Sep/2026 00:33:06] "GET /__offline__/data/blogposts.json HTTP/1.1" 200 -
[10/Sep/2026 00:33:06] "GET /__offline__/data/faq.json HTTP/1.1" 200 -
[10/Sep/2026 00:33:06] "GET /__offline__/data/featuredreels.json HTTP/1.1" 200 -
[10/Sep/2026 00:33:06] "GET /__offline__/data/properties.json HTTP/1.1" 200 -
[10/Sep/2026 00:33:07] "GET /__offline__/data/propertyimages.json HTTP/1.1" 200 -
[10/Sep/2026 00:33:07] "GET /__offline__/data/propertyvideos.json HTTP/1.1" 200 -
[10/Sep/2026 00:33:07] "GET /__offline__/data/testimonials.json HTTP/1.1" 200 -
[10/Sep/2026 00:33:07] "GET /_astro/astro_scripts/before-hydration.js.Dh2kxll0.js HTTP/1.1" 200 -
[10/Sep/2026 00:33:07] "GET /_astro/setup.4cZrxQ76.js HTTP/1.1" 200 -
[10/Sep/2026 00:33:07] "GET /_astro/_commonjsHelpers.C0HnJYVl.js HTTP/1.1" 200 -
[10/Sep/2026 00:33:07] "GET /parastorage/services/cookie-consent-policy-client/1.983.0/headlessApp.bundle.min.js HTTP/1.1" 200 -
[10/Sep/2026 00:33:07] "GET /_astro/address.CihO0Mvv.js HTTP/1.1" 200 -
[10/Sep/2026 00:33:07] "GET /parastorage/services/site-consent-policy/1.10.0/site-consent-policy.umd.min.js HTTP/1.1" 200 -
[10/Sep/2026 00:33:07] "GET /_astro/Router.BPj9U-nC.js HTTP/1.1" 200 -
[10/Sep/2026 00:33:08] "GET /_astro/client.CWebG0_l.js HTTP/1.1" 200 -
[10/Sep/2026 00:33:08] "GET /parastorage/services/site-bi/1.17.0/site-bi.umd.min.js HTTP/1.1" 200 -
[10/Sep/2026 00:33:08] "GET /_astro/index.QbErGXhl.js HTTP/1.1" 200 -
[10/Sep/2026 00:33:08] "GET /parastorage/services/site-analytics/1.14.0/site-analytics.umd.min.js HTTP/1.1" 200 -
[10/Sep/2026 00:33:08] "GET /parastorage/services/tag-manager-client/1.1075.0/siteTags.bundle.min.js HTTP/1.1" 200 -
[10/Sep/2026 00:33:08] "GET /media/b/216404_cdb7bfa69955412eb69f5756fe3d7ee4~mv2.jpg HTTP/1.1" 200 -
[10/Sep/2026 00:33:08] "GET /media/b/216404_de1db352e6914ada8f4e946fbc8349ec~mv2.jpg HTTP/1.1" 200 -
[10/Sep/2026 00:33:19] "GET /videos HTTP/1.1" 200 -
[10/Sep/2026 00:33:19] "GET /__offline__/boot.json HTTP/1.1" 200 -
[10/Sep/2026 00:33:19] "GET /_astro/entry.nm0Hktb4.css HTTP/1.1" 200 -
[10/Sep/2026 00:33:19] "GET /_astro/_slug_.BMRhjz4F.css HTTP/1.1" 200 -
[10/Sep/2026 00:33:19] "GET /__offline__/offline-shim.js HTTP/1.1" 200 -
[10/Sep/2026 00:33:19] "GET /_astro/page.Da4Tm9W1.js HTTP/1.1" 200 -
[10/Sep/2026 00:33:19] "GET /__offline__/data/blogposts.json HTTP/1.1" 200 -
[10/Sep/2026 00:33:19] "GET /__offline__/data/faq.json HTTP/1.1" 200 -
[10/Sep/2026 00:33:19] "GET /__offline__/data/featuredreels.json HTTP/1.1" 200 -
[10/Sep/2026 00:33:20] "GET /__offline__/data/properties.json HTTP/1.1" 200 -
[10/Sep/2026 00:33:20] "GET /__offline__/data/propertyimages.json HTTP/1.1" 200 -
[10/Sep/2026 00:33:20] "GET /__offline__/data/propertyvideos.json HTTP/1.1" 200 -
[10/Sep/2026 00:33:20] "GET /__offline__/data/testimonials.json HTTP/1.1" 200 -
[10/Sep/2026 00:33:20] "GET /_astro/astro_scripts/before-hydration.js.Dh2kxll0.js HTTP/1.1" 200 -
[10/Sep/2026 00:33:20] "GET /_astro/address.CihO0Mvv.js HTTP/1.1" 200 -
[10/Sep/2026 00:33:20] "GET /_astro/setup.4cZrxQ76.js HTTP/1.1" 200 -
[10/Sep/2026 00:33:20] "GET /_astro/_commonjsHelpers.C0HnJYVl.js HTTP/1.1" 200 -
[10/Sep/2026 00:33:20] "GET /parastorage/services/cookie-consent-policy-client/1.983.0/headlessApp.bundle.min.js HTTP/1.1" 200 -
[10/Sep/2026 00:33:20] "GET /parastorage/services/site-consent-policy/1.10.0/site-consent-policy.umd.min.js HTTP/1.1" 200 -
[10/Sep/2026 00:33:21] "GET /_astro/Router.BPj9U-nC.js HTTP/1.1" 200 -
[10/Sep/2026 00:33:21] "GET /_astro/index.QbErGXhl.js HTTP/1.1" 200 -
[10/Sep/2026 00:33:21] "GET /_astro/client.CWebG0_l.js HTTP/1.1" 200 -
[10/Sep/2026 00:33:21] "GET /parastorage/services/site-bi/1.17.0/site-bi.umd.min.js HTTP/1.1" 200 -
[10/Sep/2026 00:33:21] "GET /parastorage/services/site-analytics/1.14.0/site-analytics.umd.min.js HTTP/1.1" 200 -
[10/Sep/2026 00:33:21] "GET /media/b/216404_131742608e0d44ecbcf442635ed4b060~mv2.png?originWidth=640&originHeight=640 HTTP/1.1" 200 -
[10/Sep/2026 00:33:21] "GET /media/b/216404_b2f99824fcc04d8c8f09ed26ff53c704~mv2.png?originWidth=640&originHeight=640 HTTP/1.1" 200 -
[10/Sep/2026 00:33:21] "GET /media/b/216404_573d079b77514653a525976826fca658~mv2.png?originWidth=640&originHeight=640 HTTP/1.1" 200 -
[10/Sep/2026 00:33:21] "GET /media/b/216404_e716f1ec688f44c88840b0b2bab466ad~mv2.png?originWidth=640&originHeight=640 HTTP/1.1" 200 -
[10/Sep/2026 00:33:21] "GET /media/b/216404_5e5713a6adad4dde972499f2165bfb64~mv2.png?originWidth=640&originHeight=640 HTTP/1.1" 200 -
[10/Sep/2026 00:33:21] "GET /media/b/216404_0ec19c0bf06b4f86bfb28a36fc3e62a1~mv2.png?originWidth=640&originHeight=640 HTTP/1.1" 200 -
[10/Sep/2026 00:33:21] "GET /media/b/216404_d8279617d45f4060ba5fa85003c2d1ee~mv2.png?originWidth=640&originHeight=640 HTTP/1.1" 200 -
[10/Sep/2026 00:33:21] "GET /media/b/216404_cdb7bfa69955412eb69f5756fe3d7ee4~mv2.jpg HTTP/1.1" 200 -
[10/Sep/2026 00:33:21] "GET /parastorage/services/tag-manager-client/1.1075.0/siteTags.bundle.min.js HTTP/1.1" 200 -
[10/Sep/2026 00:33:21] "GET /media/b/216404_de1db352e6914ada8f4e946fbc8349ec~mv2.jpg HTTP/1.1" 200 -
[10/Sep/2026 00:33:21] "GET /media/b/216404_d52b8e425a4c4ce3951de0a575d5abde~mv2.png?originWidth=640&originHeight=640 HTTP/1.1" 200 -
[10/Sep/2026 00:33:21] "GET /media/b/216404_402c7cbb5bc14fa1a454d4dcec4a68a5~mv2.png?originWidth=640&originHeight=640 HTTP/1.1" 200 -
[10/Sep/2026 00:33:22] "GET /media/b/216404_e740a65c81ba43668397c55ea8facac1~mv2.png?originWidth=640&originHeight=640 HTTP/1.1" 200 -
[10/Sep/2026 00:33:32] "GET /blog HTTP/1.1" 200 -
[10/Sep/2026 00:33:32] "GET /__offline__/boot.json HTTP/1.1" 200 -
[10/Sep/2026 00:33:32] "GET /_astro/_slug_.BMRhjz4F.css HTTP/1.1" 200 -
[10/Sep/2026 00:33:32] "GET /__offline__/data/blogposts.json HTTP/1.1" 200 -
[10/Sep/2026 00:33:32] "GET /_astro/entry.nm0Hktb4.css HTTP/1.1" 200 -
[10/Sep/2026 00:33:32] "GET /_astro/page.Da4Tm9W1.js HTTP/1.1" 200 -
[10/Sep/2026 00:33:32] "GET /__offline__/offline-shim.js HTTP/1.1" 200 -
[10/Sep/2026 00:33:32] "GET /__offline__/data/faq.json HTTP/1.1" 200 -
[10/Sep/2026 00:33:33] "GET /__offline__/data/featuredreels.json HTTP/1.1" 200 -
[10/Sep/2026 00:33:33] "GET /__offline__/data/properties.json HTTP/1.1" 200 -
[10/Sep/2026 00:33:33] "GET /__offline__/data/propertyimages.json HTTP/1.1" 200 -
[10/Sep/2026 00:33:33] "GET /__offline__/data/propertyvideos.json HTTP/1.1" 200 -
[10/Sep/2026 00:33:33] "GET /__offline__/data/testimonials.json HTTP/1.1" 200 -
[10/Sep/2026 00:33:33] "GET /_astro/astro_scripts/before-hydration.js.Dh2kxll0.js HTTP/1.1" 200 -
[10/Sep/2026 00:33:34] "GET /parastorage/services/cookie-consent-policy-client/1.983.0/headlessApp.bundle.min.js HTTP/1.1" 200 -
[10/Sep/2026 00:33:34] "GET /_astro/address.CihO0Mvv.js HTTP/1.1" 200 -
[10/Sep/2026 00:33:34] "GET /_astro/_commonjsHelpers.C0HnJYVl.js HTTP/1.1" 200 -
[10/Sep/2026 00:33:34] "GET /_astro/setup.4cZrxQ76.js HTTP/1.1" 200 -
[10/Sep/2026 00:33:34] "GET /parastorage/services/site-consent-policy/1.10.0/site-consent-policy.umd.min.js HTTP/1.1" 200 -
[10/Sep/2026 00:33:34] "GET /_astro/Router.BPj9U-nC.js HTTP/1.1" 200 -
[10/Sep/2026 00:33:34] "GET /_astro/index.QbErGXhl.js HTTP/1.1" 200 -
[10/Sep/2026 00:33:34] "GET /parastorage/services/site-bi/1.17.0/site-bi.umd.min.js HTTP/1.1" 200 -
[10/Sep/2026 00:33:34] "GET /_astro/client.CWebG0_l.js HTTP/1.1" 200 -
[10/Sep/2026 00:33:34] "GET /parastorage/services/site-analytics/1.14.0/site-analytics.umd.min.js HTTP/1.1" 200 -
[10/Sep/2026 00:33:34] "GET /media/b/216404_5f7722e68d99447f9643b00d600c646d~mv2.png?originWidth=640&originHeight=640 HTTP/1.1" 200 -
[10/Sep/2026 00:33:34] "GET /parastorage/services/tag-manager-client/1.1075.0/siteTags.bundle.min.js HTTP/1.1" 200 -
[10/Sep/2026 00:33:34] "GET /media/b/216404_99b65d8e4edf4d9ea8caf90e0a80662d~mv2.png?originWidth=640&originHeight=640 HTTP/1.1" 200 -
[10/Sep/2026 00:33:34] "GET /media/b/216404_ff8f1ea23ce14c1da752be07f360d641~mv2.png?originWidth=640&originHeight=640 HTTP/1.1" 200 -
[10/Sep/2026 00:33:34] "GET /media/b/216404_de1db352e6914ada8f4e946fbc8349ec~mv2.jpg HTTP/1.1" 200 -
[10/Sep/2026 00:33:34] "GET /media/b/216404_cdb7bfa69955412eb69f5756fe3d7ee4~mv2.jpg HTTP/1.1" 200 -
[10/Sep/2026 00:33:34] "GET /media/b/216404_6f4776b3d4b5438aa2725ac8ad1fded8~mv2.png?originWidth=640&originHeight=640 HTTP/1.1" 200 -
[10/Sep/2026 00:33:34] "GET /media/b/216404_7e7a2452a0be4e29b1868cd2b3b7dae7~mv2.png?originWidth=640&originHeight=640 HTTP/1.1" 200 -
[10/Sep/2026 00:33:34] "GET /media/b/216404_b7b5b69e151b47ea86c040e4e14d5207~mv2.png?originWidth=640&originHeight=640 HTTP/1.1" 200 -
[10/Sep/2026 00:33:45] "GET /work-with-us HTTP/1.1" 200 -
[10/Sep/2026 00:33:45] "GET /__offline__/boot.json HTTP/1.1" 200 -
[10/Sep/2026 00:33:45] "GET /__offline__/offline-shim.js HTTP/1.1" 200 -
[10/Sep/2026 00:33:45] "GET /__offline__/data/blogposts.json HTTP/1.1" 200 -
[10/Sep/2026 00:33:45] "GET /_astro/_slug_.BMRhjz4F.css HTTP/1.1" 200 -
[10/Sep/2026 00:33:45] "GET /_astro/entry.nm0Hktb4.css HTTP/1.1" 200 -
[10/Sep/2026 00:33:45] "GET /_astro/page.Da4Tm9W1.js HTTP/1.1" 200 -
[10/Sep/2026 00:33:46] "GET /__offline__/data/faq.json HTTP/1.1" 200 -
[10/Sep/2026 00:33:46] "GET /__offline__/data/featuredreels.json HTTP/1.1" 200 -
[10/Sep/2026 00:33:46] "GET /__offline__/data/properties.json HTTP/1.1" 200 -
[10/Sep/2026 00:33:46] "GET /__offline__/data/propertyimages.json HTTP/1.1" 200 -
[10/Sep/2026 00:33:46] "GET /__offline__/data/propertyvideos.json HTTP/1.1" 200 -
[10/Sep/2026 00:33:46] "GET /__offline__/data/testimonials.json HTTP/1.1" 200 -
[10/Sep/2026 00:33:46] "GET /_astro/astro_scripts/before-hydration.js.Dh2kxll0.js HTTP/1.1" 200 -
[10/Sep/2026 00:33:47] "GET /_astro/setup.4cZrxQ76.js HTTP/1.1" 200 -
[10/Sep/2026 00:33:47] "GET /_astro/address.CihO0Mvv.js HTTP/1.1" 200 -
[10/Sep/2026 00:33:47] "GET /_astro/_commonjsHelpers.C0HnJYVl.js HTTP/1.1" 200 -
[10/Sep/2026 00:33:47] "GET /parastorage/services/site-consent-policy/1.10.0/site-consent-policy.umd.min.js HTTP/1.1" 200 -
[10/Sep/2026 00:33:47] "GET /parastorage/services/cookie-consent-policy-client/1.983.0/headlessApp.bundle.min.js HTTP/1.1" 200 -
[10/Sep/2026 00:33:47] "GET /_astro/Router.BPj9U-nC.js HTTP/1.1" 200 -
[10/Sep/2026 00:33:47] "GET /_astro/client.CWebG0_l.js HTTP/1.1" 200 -
[10/Sep/2026 00:33:47] "GET /_astro/index.QbErGXhl.js HTTP/1.1" 200 -
[10/Sep/2026 00:33:47] "GET /parastorage/services/site-bi/1.17.0/site-bi.umd.min.js HTTP/1.1" 200 -
[10/Sep/2026 00:33:47] "GET /parastorage/services/site-analytics/1.14.0/site-analytics.umd.min.js HTTP/1.1" 200 -
[10/Sep/2026 00:33:47] "GET /parastorage/services/tag-manager-client/1.1075.0/siteTags.bundle.min.js HTTP/1.1" 200 -
[10/Sep/2026 00:33:47] "GET /media/b/216404_cdb7bfa69955412eb69f5756fe3d7ee4~mv2.jpg HTTP/1.1" 200 -
[10/Sep/2026 00:33:47] "GET /media/b/216404_de1db352e6914ada8f4e946fbc8349ec~mv2.jpg HTTP/1.1" 200 -
[10/Sep/2026 00:33:58] "GET /sell-property HTTP/1.1" 200 -
[10/Sep/2026 00:33:59] "GET /__offline__/boot.json HTTP/1.1" 200 -
[10/Sep/2026 00:33:59] "GET /__offline__/data/blogposts.json HTTP/1.1" 200 -
[10/Sep/2026 00:33:59] "GET /_astro/page.Da4Tm9W1.js HTTP/1.1" 200 -
[10/Sep/2026 00:33:59] "GET /_astro/_slug_.BMRhjz4F.css HTTP/1.1" 200 -
[10/Sep/2026 00:33:59] "GET /_astro/entry.nm0Hktb4.css HTTP/1.1" 200 -
[10/Sep/2026 00:33:59] "GET /__offline__/offline-shim.js HTTP/1.1" 200 -
[10/Sep/2026 00:33:59] "GET /__offline__/data/faq.json HTTP/1.1" 200 -
[10/Sep/2026 00:33:59] "GET /__offline__/data/featuredreels.json HTTP/1.1" 200 -
[10/Sep/2026 00:33:59] "GET /__offline__/data/properties.json HTTP/1.1" 200 -
[10/Sep/2026 00:33:59] "GET /__offline__/data/propertyimages.json HTTP/1.1" 200 -
[10/Sep/2026 00:33:59] "GET /__offline__/data/propertyvideos.json HTTP/1.1" 200 -
[10/Sep/2026 00:34:00] "GET /__offline__/data/testimonials.json HTTP/1.1" 200 -
[10/Sep/2026 00:34:00] "GET /_astro/astro_scripts/before-hydration.js.Dh2kxll0.js HTTP/1.1" 200 -
[10/Sep/2026 00:34:00] "GET /_astro/setup.4cZrxQ76.js HTTP/1.1" 200 -
[10/Sep/2026 00:34:00] "GET /_astro/address.CihO0Mvv.js HTTP/1.1" 200 -
[10/Sep/2026 00:34:00] "GET /_astro/_commonjsHelpers.C0HnJYVl.js HTTP/1.1" 200 -
[10/Sep/2026 00:34:00] "GET /parastorage/services/cookie-consent-policy-client/1.983.0/headlessApp.bundle.min.js HTTP/1.1" 200 -
[10/Sep/2026 00:34:00] "GET /parastorage/services/site-consent-policy/1.10.0/site-consent-policy.umd.min.js HTTP/1.1" 200 -
[10/Sep/2026 00:34:00] "GET /_astro/Router.BPj9U-nC.js HTTP/1.1" 200 -
[10/Sep/2026 00:34:00] "GET /_astro/client.CWebG0_l.js HTTP/1.1" 200 -
[10/Sep/2026 00:34:00] "GET /_astro/index.QbErGXhl.js HTTP/1.1" 200 -
[10/Sep/2026 00:34:00] "GET /parastorage/services/site-bi/1.17.0/site-bi.umd.min.js HTTP/1.1" 200 -
[10/Sep/2026 00:34:00] "GET /parastorage/services/site-analytics/1.14.0/site-analytics.umd.min.js HTTP/1.1" 200 -
[10/Sep/2026 00:34:00] "GET /parastorage/services/tag-manager-client/1.1075.0/siteTags.bundle.min.js HTTP/1.1" 200 -
[10/Sep/2026 00:34:01] "GET /media/b/216404_cdb7bfa69955412eb69f5756fe3d7ee4~mv2.jpg HTTP/1.1" 200 -
[10/Sep/2026 00:34:01] "GET /media/b/216404_de1db352e6914ada8f4e946fbc8349ec~mv2.jpg HTTP/1.1" 200 -
[10/Sep/2026 00:34:11] "GET /projects HTTP/1.1" 200 -
[10/Sep/2026 00:34:12] "GET /__offline__/boot.json HTTP/1.1" 200 -
[10/Sep/2026 00:34:12] "GET /__offline__/data/blogposts.json HTTP/1.1" 200 -
[10/Sep/2026 00:34:12] "GET /__offline__/offline-shim.js HTTP/1.1" 200 -
[10/Sep/2026 00:34:12] "GET /_astro/page.Da4Tm9W1.js HTTP/1.1" 200 -
[10/Sep/2026 00:34:12] "GET /_astro/_slug_.BMRhjz4F.css HTTP/1.1" 200 -
[10/Sep/2026 00:34:12] "GET /_astro/entry.nm0Hktb4.css HTTP/1.1" 200 -
[10/Sep/2026 00:34:12] "GET /__offline__/data/faq.json HTTP/1.1" 200 -
[10/Sep/2026 00:34:12] "GET /__offline__/data/featuredreels.json HTTP/1.1" 200 -
[10/Sep/2026 00:34:12] "GET /__offline__/data/properties.json HTTP/1.1" 200 -
[10/Sep/2026 00:34:12] "GET /__offline__/data/propertyimages.json HTTP/1.1" 200 -
[10/Sep/2026 00:34:13] "GET /__offline__/data/propertyvideos.json HTTP/1.1" 200 -
[10/Sep/2026 00:34:13] "GET /__offline__/data/testimonials.json HTTP/1.1" 200 -
[10/Sep/2026 00:34:13] "GET /_astro/astro_scripts/before-hydration.js.Dh2kxll0.js HTTP/1.1" 200 -
[10/Sep/2026 00:34:13] "GET /_astro/setup.4cZrxQ76.js HTTP/1.1" 200 -
[10/Sep/2026 00:34:13] "GET /_astro/_commonjsHelpers.C0HnJYVl.js HTTP/1.1" 200 -
[10/Sep/2026 00:34:13] "GET /_astro/address.CihO0Mvv.js HTTP/1.1" 200 -
[10/Sep/2026 00:34:13] "GET /parastorage/services/site-consent-policy/1.10.0/site-consent-policy.umd.min.js HTTP/1.1" 200 -
[10/Sep/2026 00:34:13] "GET /parastorage/services/cookie-consent-policy-client/1.983.0/headlessApp.bundle.min.js HTTP/1.1" 200 -
[10/Sep/2026 00:34:13] "GET /_astro/Router.BPj9U-nC.js HTTP/1.1" 200 -
[10/Sep/2026 00:34:13] "GET /parastorage/services/site-bi/1.17.0/site-bi.umd.min.js HTTP/1.1" 200 -
[10/Sep/2026 00:34:13] "GET /_astro/index.QbErGXhl.js HTTP/1.1" 200 -
[10/Sep/2026 00:34:13] "GET /_astro/client.CWebG0_l.js HTTP/1.1" 200 -
[10/Sep/2026 00:34:13] "GET /parastorage/services/site-analytics/1.14.0/site-analytics.umd.min.js HTTP/1.1" 200 -
[10/Sep/2026 00:34:14] "GET /parastorage/services/tag-manager-client/1.1075.0/siteTags.bundle.min.js HTTP/1.1" 200 -
[10/Sep/2026 00:34:14] "GET /media/b/216404_cdb7bfa69955412eb69f5756fe3d7ee4~mv2.jpg HTTP/1.1" 200 -
[10/Sep/2026 00:34:14] "GET /media/b/216404_de1db352e6914ada8f4e946fbc8349ec~mv2.jpg HTTP/1.1" 200 -
[10/Sep/2026 00:34:24] "GET /property/007e57c0-b818-4005-b8e2-3c67c9a26cb5 HTTP/1.1" 200 -
[10/Sep/2026 00:34:25] "GET /__offline__/boot.json HTTP/1.1" 200 -
[10/Sep/2026 00:34:25] "GET /__offline__/data/blogposts.json HTTP/1.1" 200 -
[10/Sep/2026 00:34:25] "GET /__offline__/offline-shim.js HTTP/1.1" 200 -
[10/Sep/2026 00:34:25] "GET /_astro/_slug_.BMRhjz4F.css HTTP/1.1" 200 -
[10/Sep/2026 00:34:25] "GET /_astro/entry.nm0Hktb4.css HTTP/1.1" 200 -
[10/Sep/2026 00:34:25] "GET /_astro/page.Da4Tm9W1.js HTTP/1.1" 200 -
[10/Sep/2026 00:34:25] "GET /__offline__/data/faq.json HTTP/1.1" 200 -
[10/Sep/2026 00:34:25] "GET /__offline__/data/featuredreels.json HTTP/1.1" 200 -
[10/Sep/2026 00:34:25] "GET /__offline__/data/properties.json HTTP/1.1" 200 -
[10/Sep/2026 00:34:25] "GET /__offline__/data/propertyimages.json HTTP/1.1" 200 -
[10/Sep/2026 00:34:26] "GET /__offline__/data/propertyvideos.json HTTP/1.1" 200 -
[10/Sep/2026 00:34:26] "GET /__offline__/data/testimonials.json HTTP/1.1" 200 -
[10/Sep/2026 00:34:26] "GET /_astro/astro_scripts/before-hydration.js.Dh2kxll0.js HTTP/1.1" 200 -
[10/Sep/2026 00:34:26] "GET /_astro/_commonjsHelpers.C0HnJYVl.js HTTP/1.1" 200 -
[10/Sep/2026 00:34:26] "GET /_astro/address.CihO0Mvv.js HTTP/1.1" 200 -
[10/Sep/2026 00:34:26] "GET /_astro/setup.4cZrxQ76.js HTTP/1.1" 200 -
[10/Sep/2026 00:34:26] "GET /parastorage/services/cookie-consent-policy-client/1.983.0/headlessApp.bundle.min.js HTTP/1.1" 200 -
[10/Sep/2026 00:34:26] "GET /parastorage/services/site-consent-policy/1.10.0/site-consent-policy.umd.min.js HTTP/1.1" 200 -
[10/Sep/2026 00:34:26] "GET /_astro/Router.BPj9U-nC.js HTTP/1.1" 200 -
[10/Sep/2026 00:34:26] "GET /_astro/client.CWebG0_l.js HTTP/1.1" 200 -
[10/Sep/2026 00:34:26] "GET /_astro/index.QbErGXhl.js HTTP/1.1" 200 -
[10/Sep/2026 00:34:26] "GET /parastorage/services/site-bi/1.17.0/site-bi.umd.min.js HTTP/1.1" 200 -
[10/Sep/2026 00:34:26] "GET /parastorage/services/site-analytics/1.14.0/site-analytics.umd.min.js HTTP/1.1" 200 -
[10/Sep/2026 00:34:27] "GET /parastorage/services/tag-manager-client/1.1075.0/siteTags.bundle.min.js HTTP/1.1" 200 -
[10/Sep/2026 00:34:27] "GET /media/b/216404_cdb7bfa69955412eb69f5756fe3d7ee4~mv2.jpg HTTP/1.1" 200 -
[10/Sep/2026 00:34:27] "GET /media/b/216404_de1db352e6914ada8f4e946fbc8349ec~mv2.jpg HTTP/1.1" 200 -
[10/Sep/2026 00:34:38] "GET /property/75de911b-220e-4e2c-89e8-d7d901a06b1b HTTP/1.1" 200 -
[10/Sep/2026 00:34:38] "GET /__offline__/boot.json HTTP/1.1" 200 -
[10/Sep/2026 00:34:38] "GET /_astro/entry.nm0Hktb4.css HTTP/1.1" 200 -
[10/Sep/2026 00:34:38] "GET /_astro/_slug_.BMRhjz4F.css HTTP/1.1" 200 -
[10/Sep/2026 00:34:38] "GET /__offline__/data/blogposts.json HTTP/1.1" 200 -
[10/Sep/2026 00:34:38] "GET /_astro/page.Da4Tm9W1.js HTTP/1.1" 200 -
[10/Sep/2026 00:34:38] "GET /__offline__/offline-shim.js HTTP/1.1" 200 -
[10/Sep/2026 00:34:38] "GET /__offline__/data/faq.json HTTP/1.1" 200 -
[10/Sep/2026 00:34:38] "GET /__offline__/data/featuredreels.json HTTP/1.1" 200 -
[10/Sep/2026 00:34:39] "GET /__offline__/data/properties.json HTTP/1.1" 200 -
[10/Sep/2026 00:34:39] "GET /__offline__/data/propertyimages.json HTTP/1.1" 200 -
[10/Sep/2026 00:34:39] "GET /__offline__/data/propertyvideos.json HTTP/1.1" 200 -
[10/Sep/2026 00:34:39] "GET /__offline__/data/testimonials.json HTTP/1.1" 200 -
[10/Sep/2026 00:34:39] "GET /_astro/astro_scripts/before-hydration.js.Dh2kxll0.js HTTP/1.1" 200 -
[10/Sep/2026 00:34:39] "GET /_astro/setup.4cZrxQ76.js HTTP/1.1" 200 -
[10/Sep/2026 00:34:39] "GET /_astro/address.CihO0Mvv.js HTTP/1.1" 200 -
[10/Sep/2026 00:34:39] "GET /parastorage/services/site-consent-policy/1.10.0/site-consent-policy.umd.min.js HTTP/1.1" 200 -
[10/Sep/2026 00:34:39] "GET /_astro/_commonjsHelpers.C0HnJYVl.js HTTP/1.1" 200 -
[10/Sep/2026 00:34:39] "GET /parastorage/services/cookie-consent-policy-client/1.983.0/headlessApp.bundle.min.js HTTP/1.1" 200 -
[10/Sep/2026 00:34:39] "GET /_astro/Router.BPj9U-nC.js HTTP/1.1" 200 -
[10/Sep/2026 00:34:40] "GET /_astro/client.CWebG0_l.js HTTP/1.1" 200 -
[10/Sep/2026 00:34:40] "GET /_astro/index.QbErGXhl.js HTTP/1.1" 200 -
[10/Sep/2026 00:34:40] "GET /parastorage/services/site-bi/1.17.0/site-bi.umd.min.js HTTP/1.1" 200 -
[10/Sep/2026 00:34:40] "GET /parastorage/services/site-analytics/1.14.0/site-analytics.umd.min.js HTTP/1.1" 200 -
[10/Sep/2026 00:34:40] "GET /parastorage/services/tag-manager-client/1.1075.0/siteTags.bundle.min.js HTTP/1.1" 200 -
[10/Sep/2026 00:34:40] "GET /media/b/216404_cdb7bfa69955412eb69f5756fe3d7ee4~mv2.jpg HTTP/1.1" 200 -
[10/Sep/2026 00:34:40] "GET /media/b/216404_de1db352e6914ada8f4e946fbc8349ec~mv2.jpg HTTP/1.1" 200 -
[10/Sep/2026 00:34:51] "GET /blog/47ea5159-5508-4052-b1fb-a66a72c23994 HTTP/1.1" 200 -
[10/Sep/2026 00:34:51] "GET /__offline__/boot.json HTTP/1.1" 200 -
[10/Sep/2026 00:34:51] "GET /__offline__/data/blogposts.json HTTP/1.1" 200 -
[10/Sep/2026 00:34:51] "GET /_astro/entry.nm0Hktb4.css HTTP/1.1" 200 -
[10/Sep/2026 00:34:51] "GET /_astro/_slug_.BMRhjz4F.css HTTP/1.1" 200 -
[10/Sep/2026 00:34:51] "GET /__offline__/offline-shim.js HTTP/1.1" 200 -
[10/Sep/2026 00:34:51] "GET /_astro/page.Da4Tm9W1.js HTTP/1.1" 200 -
[10/Sep/2026 00:34:51] "GET /__offline__/data/faq.json HTTP/1.1" 200 -
[10/Sep/2026 00:34:51] "GET /__offline__/data/featuredreels.json HTTP/1.1" 200 -
[10/Sep/2026 00:34:52] "GET /__offline__/data/properties.json HTTP/1.1" 200 -
[10/Sep/2026 00:34:52] "GET /__offline__/data/propertyimages.json HTTP/1.1" 200 -
[10/Sep/2026 00:34:52] "GET /__offline__/data/propertyvideos.json HTTP/1.1" 200 -
[10/Sep/2026 00:34:52] "GET /__offline__/data/testimonials.json HTTP/1.1" 200 -
[10/Sep/2026 00:34:52] "GET /_astro/astro_scripts/before-hydration.js.Dh2kxll0.js HTTP/1.1" 200 -
[10/Sep/2026 00:34:52] "GET /_astro/address.CihO0Mvv.js HTTP/1.1" 200 -
[10/Sep/2026 00:34:52] "GET /parastorage/services/cookie-consent-policy-client/1.983.0/headlessApp.bundle.min.js HTTP/1.1" 200 -
[10/Sep/2026 00:34:52] "GET /_astro/setup.4cZrxQ76.js HTTP/1.1" 200 -
[10/Sep/2026 00:34:52] "GET /_astro/_commonjsHelpers.C0HnJYVl.js HTTP/1.1" 200 -
[10/Sep/2026 00:34:52] "GET /parastorage/services/site-consent-policy/1.10.0/site-consent-policy.umd.min.js HTTP/1.1" 200 -
[10/Sep/2026 00:34:53] "GET /_astro/Router.BPj9U-nC.js HTTP/1.1" 200 -
[10/Sep/2026 00:34:53] "GET /_astro/client.CWebG0_l.js HTTP/1.1" 200 -
[10/Sep/2026 00:34:53] "GET /parastorage/services/site-bi/1.17.0/site-bi.umd.min.js HTTP/1.1" 200 -
[10/Sep/2026 00:34:53] "GET /parastorage/services/site-analytics/1.14.0/site-analytics.umd.min.js HTTP/1.1" 200 -
[10/Sep/2026 00:34:53] "GET /_astro/index.QbErGXhl.js HTTP/1.1" 200 -
[10/Sep/2026 00:34:53] "GET /parastorage/services/tag-manager-client/1.1075.0/siteTags.bundle.min.js HTTP/1.1" 200 -
[10/Sep/2026 00:34:53] "GET /media/b/216404_de1db352e6914ada8f4e946fbc8349ec~mv2.jpg HTTP/1.1" 200 -
[10/Sep/2026 00:34:53] "GET /media/b/216404_ff8f1ea23ce14c1da752be07f360d641~mv2.png?originWidth=640&originHeight=640 HTTP/1.1" 200 -
[10/Sep/2026 00:34:53] "GET /media/b/216404_cdb7bfa69955412eb69f5756fe3d7ee4~mv2.jpg HTTP/1.1" 200 -
[10/Sep/2026 00:40:13] "GET / HTTP/1.1" 200 -
[10/Sep/2026 00:40:13] "GET /__offline__/boot.json HTTP/1.1" 200 -
[10/Sep/2026 00:40:13] "GET /_astro/entry.nm0Hktb4.css HTTP/1.1" 200 -
[10/Sep/2026 00:40:13] "GET /_astro/_slug_.BMRhjz4F.css HTTP/1.1" 200 -
[10/Sep/2026 00:40:13] "GET /__offline__/data/blogposts.json HTTP/1.1" 200 -
[10/Sep/2026 00:40:13] "GET /__offline__/offline-shim.js HTTP/1.1" 200 -
[10/Sep/2026 00:40:13] "GET /_astro/page.Da4Tm9W1.js HTTP/1.1" 200 -
[10/Sep/2026 00:40:13] "GET /__offline__/data/faq.json HTTP/1.1" 200 -
[10/Sep/2026 00:40:13] "GET /__offline__/data/featuredreels.json HTTP/1.1" 200 -
[10/Sep/2026 00:40:14] "GET /__offline__/data/properties.json HTTP/1.1" 200 -
[10/Sep/2026 00:40:14] "GET /__offline__/data/propertyimages.json HTTP/1.1" 200 -
[10/Sep/2026 00:40:14] "GET /__offline__/data/propertyvideos.json HTTP/1.1" 200 -
[10/Sep/2026 00:40:14] "GET /__offline__/data/testimonials.json HTTP/1.1" 200 -
[10/Sep/2026 00:40:14] "GET /_astro/astro_scripts/before-hydration.js.Dh2kxll0.js HTTP/1.1" 200 -
[10/Sep/2026 00:40:14] "GET /_astro/setup.4cZrxQ76.js HTTP/1.1" 200 -
[10/Sep/2026 00:40:14] "GET /_astro/address.CihO0Mvv.js HTTP/1.1" 200 -
[10/Sep/2026 00:40:14] "GET /_astro/_commonjsHelpers.C0HnJYVl.js HTTP/1.1" 200 -
[10/Sep/2026 00:40:14] "GET /parastorage/services/site-consent-policy/1.10.0/site-consent-policy.umd.min.js HTTP/1.1" 200 -
[10/Sep/2026 00:40:14] "GET /parastorage/services/cookie-consent-policy-client/1.983.0/headlessApp.bundle.min.js HTTP/1.1" 200 -
[10/Sep/2026 00:40:15] "GET /_astro/Router.BPj9U-nC.js HTTP/1.1" 200 -
[10/Sep/2026 00:40:15] "GET /_astro/client.CWebG0_l.js HTTP/1.1" 200 -
[10/Sep/2026 00:40:15] "GET /_astro/index.QbErGXhl.js HTTP/1.1" 200 -
[10/Sep/2026 00:40:15] "GET /parastorage/services/site-bi/1.17.0/site-bi.umd.min.js HTTP/1.1" 200 -
[10/Sep/2026 00:40:15] "GET /parastorage/services/site-analytics/1.14.0/site-analytics.umd.min.js HTTP/1.1" 200 -
[10/Sep/2026 00:40:15] "GET /api/instagram-feed HTTP/1.1" 200 -
[10/Sep/2026 00:40:15] "GET /media/b/216404_90d216724e3248f28c690e727e262972~mv2.png HTTP/1.1" 200 -
[10/Sep/2026 00:40:15] "GET /parastorage/services/tag-manager-client/1.1075.0/siteTags.bundle.min.js HTTP/1.1" 200 -
[10/Sep/2026 00:40:15] "GET /media/b/216404_cdb7bfa69955412eb69f5756fe3d7ee4~mv2.jpg HTTP/1.1" 200 -
[10/Sep/2026 00:40:15] "GET /media/b/216404_97db3425711a4c47b7e323bcddf4e809~mv2.png HTTP/1.1" 200 -
[10/Sep/2026 00:40:15] "GET /media/v/216404_90d216724e3248f28c690e727e262972~mv2.png/fill/w_49,h_27,al_c,q_85,usm_0.66_1.00_0.01,blur_2,enc_auto/216404_90d216724e3248f28c690e727e262972~mv2.png HTTP/1.1" 200 -
[10/Sep/2026 00:40:15] "GET /media/b/216404_f65cc54333d24be5a89bdcee1dc23533~mv2.png HTTP/1.1" 200 -
[10/Sep/2026 00:40:15] "GET /media/b/216404_37832f9939cc42bf807f2f4c05a2de54~mv2.png HTTP/1.1" 200 -
[10/Sep/2026 00:40:15] "GET /media/b/216404_eec2b3792c3c41848a9055b7ada55ad2~mv2.png HTTP/1.1" 200 -
[10/Sep/2026 00:40:15] "GET /media/b/216404_945072a242df4460bb36d3642ca3a305~mv2.png HTTP/1.1" 200 -
[10/Sep/2026 00:40:15] "GET /media/b/216404_c7a14c3ddf6a43eeadedd5140e908866~mv2.png HTTP/1.1" 200 -
[10/Sep/2026 00:40:15] "GET /media/b/216404_9de56b8d718f451a8228d5eb070e81cf~mv2.png HTTP/1.1" 200 -
[10/Sep/2026 00:40:15] "GET /media/b/216404_9353e73c5618436f98728bfdb3f4af7f~mv2.png HTTP/1.1" 200 -
[10/Sep/2026 00:40:16] "GET /media/b/216404_de1db352e6914ada8f4e946fbc8349ec~mv2.jpg HTTP/1.1" 200 -
[10/Sep/2026 00:40:16] "GET /media/b/216404_4982358ca6444db39bebc135a3c88b0f~mv2.png HTTP/1.1" 200 -
[10/Sep/2026 00:40:16] "GET /media/b/216404_bb0cc8409e634537b1758829eda75be9~mv2.jpg HTTP/1.1" 200 -
[10/Sep/2026 00:40:16] "GET /media/b/216404_01ef989b744a4e21af0caff523ccdc17~mv2.png HTTP/1.1" 200 -
[10/Sep/2026 00:40:16] "GET /media/b/216404_758051d75de04bf4a1ff7541c3ebf540~mv2.png HTTP/1.1" 200 -
[10/Sep/2026 00:40:16] "GET /media/b/216404_93e622c0b36445cf809c43d22c068033~mv2.png HTTP/1.1" 200 -
[10/Sep/2026 00:40:16] "GET /media/b/216404_6f573b55ac774e19a392ac86bf84371d~mv2.png HTTP/1.1" 200 -
[10/Sep/2026 00:40:16] "GET /media/b/216404_920f0d89c8904221b59e566899f37bbb~mv2.png HTTP/1.1" 200 -
[10/Sep/2026 00:40:16] "GET /media/b/216404_4f33e4e8c77b4f20b4d3038c3adc7c81~mv2.png HTTP/1.1" 200 -
[10/Sep/2026 00:40:16] "GET /media/b/216404_a3878909b7204e959504e7193bc90801~mv2.png HTTP/1.1" 200 -
[10/Sep/2026 00:40:16] "GET /media/b/216404_33bdfc3a1e7040b6a18d74d7ffbd5e4d~mv2.png HTTP/1.1" 200 -
[10/Sep/2026 00:40:16] "GET /media/b/216404_33ca5cd93f4643eeb818bf63f6f8f680~mv2.png HTTP/1.1" 200 -
[10/Sep/2026 00:40:16] "GET /media/b/216404_783194e4ff72464f80ae1fb41d707994~mv2.png HTTP/1.1" 200 -
[10/Sep/2026 00:40:17] "GET /favicon.ico HTTP/1.1" 200 -
----------------------------------------
Exception occurred during processing of request from ('127.0.0.1', 57552)
Traceback (most recent call last):
  File "C:\Users\roshh\AppData\Roaming\uv\python\cpython-3.11-windows-x86_64-none\Lib\socketserver.py", line 691, in process_request_thread
    self.finish_request(request, client_address)
  File "C:\Users\roshh\AppData\Roaming\uv\python\cpython-3.11-windows-x86_64-none\Lib\socketserver.py", line 361, in finish_request
    self.RequestHandlerClass(request, client_address, self)
  File "A:\projectssproperty\server.py", line 42, in __init__
    super().__init__(*a, directory=ROOT, **kw)
  File "C:\Users\roshh\AppData\Roaming\uv\python\cpython-3.11-windows-x86_64-none\Lib\http\server.py", line 675, in __init__
    super().__init__(*args, **kwargs)
  File "C:\Users\roshh\AppData\Roaming\uv\python\cpython-3.11-windows-x86_64-none\Lib\socketserver.py", line 755, in __init__
    self.handle()
  File "C:\Users\roshh\AppData\Roaming\uv\python\cpython-3.11-windows-x86_64-none\Lib\http\server.py", line 440, in handle
    self.handle_one_request()
  File "C:\Users\roshh\AppData\Roaming\uv\python\cpython-3.11-windows-x86_64-none\Lib\http\server.py", line 408, in handle_one_request
    self.raw_requestline = self.rfile.readline(65537)
                           ^^^^^^^^^^^^^^^^^^^^^^^^^^
  File "C:\Users\roshh\AppData\Roaming\uv\python\cpython-3.11-windows-x86_64-none\Lib\socket.py", line 718, in readinto
    return self._sock.recv_into(b)
           ^^^^^^^^^^^^^^^^^^^^^^^
ConnectionResetError: [WinError 10054] An existing connection was forcibly closed by the remote host
----------------------------------------
[10/Sep/2026 00:41:34] "GET / HTTP/1.1" 200 -
[10/Sep/2026 00:41:34] "GET /__offline__/boot.json HTTP/1.1" 200 -
[10/Sep/2026 00:41:34] "GET /__offline__/data/blogposts.json HTTP/1.1" 200 -
[10/Sep/2026 00:41:34] "GET /_astro/_slug_.BMRhjz4F.css HTTP/1.1" 200 -
[10/Sep/2026 00:41:34] "GET /__offline__/offline-shim.js HTTP/1.1" 200 -
[10/Sep/2026 00:41:34] "GET /_astro/entry.nm0Hktb4.css HTTP/1.1" 200 -
[10/Sep/2026 00:41:34] "GET /_astro/page.Da4Tm9W1.js HTTP/1.1" 200 -
[10/Sep/2026 00:41:35] "GET /__offline__/data/faq.json HTTP/1.1" 200 -
[10/Sep/2026 00:41:35] "GET /__offline__/data/featuredreels.json HTTP/1.1" 200 -
[10/Sep/2026 00:41:35] "GET /__offline__/data/properties.json HTTP/1.1" 200 -
[10/Sep/2026 00:41:35] "GET /__offline__/data/propertyimages.json HTTP/1.1" 200 -
[10/Sep/2026 00:41:35] "GET /__offline__/data/propertyvideos.json HTTP/1.1" 200 -
[10/Sep/2026 00:41:35] "GET /__offline__/data/testimonials.json HTTP/1.1" 200 -
[10/Sep/2026 00:41:35] "GET /_astro/astro_scripts/before-hydration.js.Dh2kxll0.js HTTP/1.1" 200 -
[10/Sep/2026 00:41:36] "GET /_astro/setup.4cZrxQ76.js HTTP/1.1" 200 -
[10/Sep/2026 00:41:36] "GET /_astro/address.CihO0Mvv.js HTTP/1.1" 200 -
[10/Sep/2026 00:41:36] "GET /_astro/_commonjsHelpers.C0HnJYVl.js HTTP/1.1" 200 -
[10/Sep/2026 00:41:36] "GET /parastorage/services/site-consent-policy/1.10.0/site-consent-policy.umd.min.js HTTP/1.1" 200 -
[10/Sep/2026 00:41:36] "GET /parastorage/services/cookie-consent-policy-client/1.983.0/headlessApp.bundle.min.js HTTP/1.1" 200 -
[10/Sep/2026 00:41:36] "GET /_astro/Router.BPj9U-nC.js HTTP/1.1" 200 -
[10/Sep/2026 00:41:36] "GET /_astro/client.CWebG0_l.js HTTP/1.1" 200 -
[10/Sep/2026 00:41:36] "GET /_astro/index.QbErGXhl.js HTTP/1.1" 200 -
[10/Sep/2026 00:41:36] "GET /parastorage/services/site-bi/1.17.0/site-bi.umd.min.js HTTP/1.1" 200 -
[10/Sep/2026 00:41:36] "GET /parastorage/services/site-analytics/1.14.0/site-analytics.umd.min.js HTTP/1.1" 200 -
[10/Sep/2026 00:41:36] "GET /api/instagram-feed HTTP/1.1" 200 -
[10/Sep/2026 00:41:36] "GET /media/v/216404_90d216724e3248f28c690e727e262972~mv2.png/fill/w_532,h_896,al_c,q_90,enc_auto/216404_90d216724e3248f28c690e727e262972~mv2.png HTTP/1.1" 200 -
[10/Sep/2026 00:41:36] "GET /parastorage/services/tag-manager-client/1.1075.0/siteTags.bundle.min.js HTTP/1.1" 200 -
[10/Sep/2026 00:41:36] "GET /media/b/216404_cdb7bfa69955412eb69f5756fe3d7ee4~mv2.jpg HTTP/1.1" 200 -
[10/Sep/2026 00:41:36] "GET /media/v/216404_90d216724e3248f28c690e727e262972~mv2.png/fill/w_49,h_27,al_c,q_85,usm_0.66_1.00_0.01,blur_2,enc_auto/216404_90d216724e3248f28c690e727e262972~mv2.png HTTP/1.1" 200 -
[10/Sep/2026 00:41:36] "GET /media/b/216404_97db3425711a4c47b7e323bcddf4e809~mv2.png HTTP/1.1" 200 -
[10/Sep/2026 00:41:36] "GET /media/b/216404_f65cc54333d24be5a89bdcee1dc23533~mv2.png HTTP/1.1" 200 -
[10/Sep/2026 00:41:36] "GET /media/b/216404_37832f9939cc42bf807f2f4c05a2de54~mv2.png HTTP/1.1" 200 -
[10/Sep/2026 00:41:36] "GET /media/b/216404_c7a14c3ddf6a43eeadedd5140e908866~mv2.png HTTP/1.1" 200 -
[10/Sep/2026 00:41:36] "GET /media/b/216404_9de56b8d718f451a8228d5eb070e81cf~mv2.png HTTP/1.1" 200 -
[10/Sep/2026 00:41:36] "GET /media/b/216404_eec2b3792c3c41848a9055b7ada55ad2~mv2.png HTTP/1.1" 200 -
[10/Sep/2026 00:41:36] "GET /media/b/216404_945072a242df4460bb36d3642ca3a305~mv2.png HTTP/1.1" 200 -
[10/Sep/2026 00:41:37] "GET /media/b/216404_9353e73c5618436f98728bfdb3f4af7f~mv2.png HTTP/1.1" 200 -
[10/Sep/2026 00:41:37] "GET /media/v/216404_bb0cc8409e634537b1758829eda75be9~mv2.jpg/fill/w_411,h_1280,fp_0.25_0.26,q_85,enc_auto/216404_bb0cc8409e634537b1758829eda75be9~mv2.jpg HTTP/1.1" 200 -
[10/Sep/2026 00:41:37] "GET /media/b/216404_de1db352e6914ada8f4e946fbc8349ec~mv2.jpg HTTP/1.1" 200 -
[10/Sep/2026 00:41:37] "GET /media/b/216404_bb0cc8409e634537b1758829eda75be9~mv2.jpg HTTP/1.1" 200 -
[10/Sep/2026 00:41:37] "GET /media/b/216404_33bdfc3a1e7040b6a18d74d7ffbd5e4d~mv2.png HTTP/1.1" 200 -
[10/Sep/2026 00:41:37] "GET /media/b/216404_a3878909b7204e959504e7193bc90801~mv2.png HTTP/1.1" 200 -
[10/Sep/2026 00:41:37] "GET /media/b/216404_33ca5cd93f4643eeb818bf63f6f8f680~mv2.png HTTP/1.1" 200 -
[10/Sep/2026 00:41:37] "GET /media/b/216404_01ef989b744a4e21af0caff523ccdc17~mv2.png HTTP/1.1" 200 -
[10/Sep/2026 00:41:37] "GET /media/b/216404_758051d75de04bf4a1ff7541c3ebf540~mv2.png HTTP/1.1" 200 -
[10/Sep/2026 00:41:37] "GET /media/b/216404_93e622c0b36445cf809c43d22c068033~mv2.png HTTP/1.1" 200 -
[10/Sep/2026 00:41:37] "GET /media/b/216404_783194e4ff72464f80ae1fb41d707994~mv2.png HTTP/1.1" 200 -
[10/Sep/2026 00:41:37] "GET /media/b/216404_4982358ca6444db39bebc135a3c88b0f~mv2.png HTTP/1.1" 200 -
[10/Sep/2026 00:41:37] "GET /media/b/216404_6f573b55ac774e19a392ac86bf84371d~mv2.png HTTP/1.1" 200 -
[10/Sep/2026 00:41:37] "GET /media/b/216404_4f33e4e8c77b4f20b4d3038c3adc7c81~mv2.png HTTP/1.1" 200 -
[10/Sep/2026 00:41:37] "GET /media/b/216404_920f0d89c8904221b59e566899f37bbb~mv2.png HTTP/1.1" 200 -
[10/Sep/2026 00:41:38] "GET /favicon.ico HTTP/1.1" 200 -
[10/Sep/2026 00:41:47] "GET /property/743055fa-20d3-496f-b9d9-393924e223ba HTTP/1.1" 200 -
[10/Sep/2026 00:41:47] "GET /__offline__/boot.json HTTP/1.1" 200 -
[10/Sep/2026 00:41:47] "GET /_astro/entry.nm0Hktb4.css HTTP/1.1" 200 -
[10/Sep/2026 00:41:47] "GET /__offline__/data/blogposts.json HTTP/1.1" 200 -
[10/Sep/2026 00:41:47] "GET /_astro/_slug_.BMRhjz4F.css HTTP/1.1" 200 -
[10/Sep/2026 00:41:47] "GET /__offline__/offline-shim.js HTTP/1.1" 200 -
[10/Sep/2026 00:41:47] "GET /__offline__/data/faq.json HTTP/1.1" 200 -
[10/Sep/2026 00:41:47] "GET /__offline__/data/featuredreels.json HTTP/1.1" 200 -
[10/Sep/2026 00:41:47] "GET /__offline__/data/properties.json HTTP/1.1" 200 -
[10/Sep/2026 00:41:48] "GET /__offline__/data/propertyimages.json HTTP/1.1" 200 -
[10/Sep/2026 00:41:48] "GET /__offline__/data/propertyvideos.json HTTP/1.1" 200 -
[10/Sep/2026 00:41:48] "GET /__offline__/data/testimonials.json HTTP/1.1" 200 -
[10/Sep/2026 00:41:48] "GET /_astro/page.Da4Tm9W1.js HTTP/1.1" 200 -
[10/Sep/2026 00:41:48] "GET /_astro/astro_scripts/before-hydration.js.Dh2kxll0.js HTTP/1.1" 200 -
[10/Sep/2026 00:41:48] "GET /_astro/address.CihO0Mvv.js HTTP/1.1" 200 -
[10/Sep/2026 00:41:48] "GET /_astro/setup.4cZrxQ76.js HTTP/1.1" 200 -
[10/Sep/2026 00:41:48] "GET /_astro/_commonjsHelpers.C0HnJYVl.js HTTP/1.1" 200 -
[10/Sep/2026 00:41:48] "GET /parastorage/services/cookie-consent-policy-client/1.983.0/headlessApp.bundle.min.js HTTP/1.1" 200 -
[10/Sep/2026 00:41:48] "GET /_astro/Router.BPj9U-nC.js HTTP/1.1" 200 -
[10/Sep/2026 00:41:48] "GET /_astro/client.CWebG0_l.js HTTP/1.1" 200 -
[10/Sep/2026 00:41:48] "GET /_astro/index.QbErGXhl.js HTTP/1.1" 200 -
[10/Sep/2026 00:41:48] "GET /parastorage/services/site-consent-policy/1.10.0/site-consent-policy.umd.min.js HTTP/1.1" 200 -
[10/Sep/2026 00:41:48] "GET /parastorage/services/site-analytics/1.14.0/site-analytics.umd.min.js HTTP/1.1" 200 -
[10/Sep/2026 00:41:48] "GET /parastorage/services/site-bi/1.17.0/site-bi.umd.min.js HTTP/1.1" 200 -
[10/Sep/2026 00:41:49] "GET /parastorage/services/tag-manager-client/1.1075.0/siteTags.bundle.min.js HTTP/1.1" 200 -
[10/Sep/2026 00:41:49] "GET /media/b/216404_cdb7bfa69955412eb69f5756fe3d7ee4~mv2.jpg HTTP/1.1" 200 -
[10/Sep/2026 00:41:49] "GET /media/b/216404_de1db352e6914ada8f4e946fbc8349ec~mv2.jpg HTTP/1.1" 200 -
[10/Sep/2026 00:41:57] "GET /property/007e57c0-b818-4005-b8e2-3c67c9a26cb5 HTTP/1.1" 200 -
[10/Sep/2026 00:41:57] "GET /__offline__/boot.json HTTP/1.1" 200 -
[10/Sep/2026 00:41:57] "GET /__offline__/data/blogposts.json HTTP/1.1" 200 -
[10/Sep/2026 00:41:57] "GET /__offline__/offline-shim.js HTTP/1.1" 200 -
[10/Sep/2026 00:41:57] "GET /_astro/entry.nm0Hktb4.css HTTP/1.1" 200 -
[10/Sep/2026 00:41:57] "GET /_astro/_slug_.BMRhjz4F.css HTTP/1.1" 200 -
[10/Sep/2026 00:41:57] "GET /_astro/page.Da4Tm9W1.js HTTP/1.1" 200 -
[10/Sep/2026 00:41:58] "GET /__offline__/data/faq.json HTTP/1.1" 200 -
[10/Sep/2026 00:41:58] "GET /__offline__/data/featuredreels.json HTTP/1.1" 200 -
[10/Sep/2026 00:41:58] "GET /__offline__/data/properties.json HTTP/1.1" 200 -
[10/Sep/2026 00:41:58] "GET /__offline__/data/propertyimages.json HTTP/1.1" 200 -
[10/Sep/2026 00:41:58] "GET /__offline__/data/propertyvideos.json HTTP/1.1" 200 -
[10/Sep/2026 00:41:58] "GET /__offline__/data/testimonials.json HTTP/1.1" 200 -
[10/Sep/2026 00:41:59] "GET /_astro/astro_scripts/before-hydration.js.Dh2kxll0.js HTTP/1.1" 200 -
[10/Sep/2026 00:41:59] "GET /_astro/setup.4cZrxQ76.js HTTP/1.1" 200 -
[10/Sep/2026 00:41:59] "GET /_astro/address.CihO0Mvv.js HTTP/1.1" 200 -
[10/Sep/2026 00:41:59] "GET /_astro/_commonjsHelpers.C0HnJYVl.js HTTP/1.1" 200 -
[10/Sep/2026 00:41:59] "GET /parastorage/services/cookie-consent-policy-client/1.983.0/headlessApp.bundle.min.js HTTP/1.1" 200 -
[10/Sep/2026 00:41:59] "GET /parastorage/services/site-consent-policy/1.10.0/site-consent-policy.umd.min.js HTTP/1.1" 200 -
[10/Sep/2026 00:41:59] "GET /_astro/Router.BPj9U-nC.js HTTP/1.1" 200 -
[10/Sep/2026 00:41:59] "GET /parastorage/services/site-bi/1.17.0/site-bi.umd.min.js HTTP/1.1" 200 -
[10/Sep/2026 00:41:59] "GET /_astro/client.CWebG0_l.js HTTP/1.1" 200 -
[10/Sep/2026 00:41:59] "GET /_astro/index.QbErGXhl.js HTTP/1.1" 200 -
[10/Sep/2026 00:41:59] "GET /parastorage/services/site-analytics/1.14.0/site-analytics.umd.min.js HTTP/1.1" 200 -
[10/Sep/2026 00:41:59] "GET /parastorage/services/tag-manager-client/1.1075.0/siteTags.bundle.min.js HTTP/1.1" 200 -
[10/Sep/2026 00:41:59] "GET /media/b/216404_cdb7bfa69955412eb69f5756fe3d7ee4~mv2.jpg HTTP/1.1" 200 -
[10/Sep/2026 00:41:59] "GET /media/b/216404_de1db352e6914ada8f4e946fbc8349ec~mv2.jpg HTTP/1.1" 200 -
[10/Sep/2026 00:42:08] "GET /property/9e2c5d3d-f7a8-4ea5-8901-2231842fd596 HTTP/1.1" 200 -
[10/Sep/2026 00:42:08] "GET /__offline__/boot.json HTTP/1.1" 200 -
[10/Sep/2026 00:42:08] "GET /_astro/entry.nm0Hktb4.css HTTP/1.1" 200 -
[10/Sep/2026 00:42:08] "GET /__offline__/data/blogposts.json HTTP/1.1" 200 -
[10/Sep/2026 00:42:08] "GET /_astro/_slug_.BMRhjz4F.css HTTP/1.1" 200 -
[10/Sep/2026 00:42:08] "GET /__offline__/offline-shim.js HTTP/1.1" 200 -
[10/Sep/2026 00:42:08] "GET /_astro/page.Da4Tm9W1.js HTTP/1.1" 200 -
[10/Sep/2026 00:42:08] "GET /__offline__/data/faq.json HTTP/1.1" 200 -
[10/Sep/2026 00:42:08] "GET /__offline__/data/featuredreels.json HTTP/1.1" 200 -
[10/Sep/2026 00:42:08] "GET /__offline__/data/properties.json HTTP/1.1" 200 -
[10/Sep/2026 00:42:08] "GET /__offline__/data/propertyimages.json HTTP/1.1" 200 -
[10/Sep/2026 00:42:09] "GET /__offline__/data/propertyvideos.json HTTP/1.1" 200 -
[10/Sep/2026 00:42:09] "GET /__offline__/data/testimonials.json HTTP/1.1" 200 -
[10/Sep/2026 00:42:09] "GET /_astro/astro_scripts/before-hydration.js.Dh2kxll0.js HTTP/1.1" 200 -
[10/Sep/2026 00:42:09] "GET /_astro/address.CihO0Mvv.js HTTP/1.1" 200 -
[10/Sep/2026 00:42:09] "GET /_astro/setup.4cZrxQ76.js HTTP/1.1" 200 -
[10/Sep/2026 00:42:09] "GET /_astro/_commonjsHelpers.C0HnJYVl.js HTTP/1.1" 200 -
[10/Sep/2026 00:42:09] "GET /parastorage/services/cookie-consent-policy-client/1.983.0/headlessApp.bundle.min.js HTTP/1.1" 200 -
[10/Sep/2026 00:42:09] "GET /parastorage/services/site-consent-policy/1.10.0/site-consent-policy.umd.min.js HTTP/1.1" 200 -
[10/Sep/2026 00:42:09] "GET /_astro/Router.BPj9U-nC.js HTTP/1.1" 200 -
[10/Sep/2026 00:42:09] "GET /_astro/index.QbErGXhl.js HTTP/1.1" 200 -
[10/Sep/2026 00:42:09] "GET /parastorage/services/site-bi/1.17.0/site-bi.umd.min.js HTTP/1.1" 200 -
[10/Sep/2026 00:42:09] "GET /_astro/client.CWebG0_l.js HTTP/1.1" 200 -
[10/Sep/2026 00:42:09] "GET /parastorage/services/site-analytics/1.14.0/site-analytics.umd.min.js HTTP/1.1" 200 -
[10/Sep/2026 00:42:10] "GET /parastorage/services/tag-manager-client/1.1075.0/siteTags.bundle.min.js HTTP/1.1" 200 -
[10/Sep/2026 00:42:10] "GET /media/b/216404_cdb7bfa69955412eb69f5756fe3d7ee4~mv2.jpg HTTP/1.1" 200 -
[10/Sep/2026 00:42:10] "GET /media/b/216404_de1db352e6914ada8f4e946fbc8349ec~mv2.jpg HTTP/1.1" 200 -
[10/Sep/2026 00:42:18] "GET /property/523a8c56-1b1d-453f-b82e-28b0e321798d HTTP/1.1" 200 -
[10/Sep/2026 00:42:18] "GET /__offline__/boot.json HTTP/1.1" 200 -
[10/Sep/2026 00:42:18] "GET /__offline__/data/blogposts.json HTTP/1.1" 200 -
[10/Sep/2026 00:42:18] "GET /_astro/entry.nm0Hktb4.css HTTP/1.1" 200 -
[10/Sep/2026 00:42:18] "GET /__offline__/offline-shim.js HTTP/1.1" 200 -
[10/Sep/2026 00:42:18] "GET /_astro/_slug_.BMRhjz4F.css HTTP/1.1" 200 -
[10/Sep/2026 00:42:18] "GET /_astro/page.Da4Tm9W1.js HTTP/1.1" 200 -
[10/Sep/2026 00:42:18] "GET /__offline__/data/faq.json HTTP/1.1" 200 -
[10/Sep/2026 00:42:18] "GET /__offline__/data/featuredreels.json HTTP/1.1" 200 -
[10/Sep/2026 00:42:19] "GET /__offline__/data/properties.json HTTP/1.1" 200 -
[10/Sep/2026 00:42:19] "GET /__offline__/data/propertyimages.json HTTP/1.1" 200 -
[10/Sep/2026 00:42:19] "GET /__offline__/data/propertyvideos.json HTTP/1.1" 200 -
[10/Sep/2026 00:42:19] "GET /__offline__/data/testimonials.json HTTP/1.1" 200 -
[10/Sep/2026 00:42:19] "GET /_astro/astro_scripts/before-hydration.js.Dh2kxll0.js HTTP/1.1" 200 -
[10/Sep/2026 00:42:19] "GET /_astro/setup.4cZrxQ76.js HTTP/1.1" 200 -
[10/Sep/2026 00:42:19] "GET /_astro/address.CihO0Mvv.js HTTP/1.1" 200 -
[10/Sep/2026 00:42:19] "GET /_astro/_commonjsHelpers.C0HnJYVl.js HTTP/1.1" 200 -
[10/Sep/2026 00:42:19] "GET /parastorage/services/cookie-consent-policy-client/1.983.0/headlessApp.bundle.min.js HTTP/1.1" 200 -
[10/Sep/2026 00:42:19] "GET /parastorage/services/site-consent-policy/1.10.0/site-consent-policy.umd.min.js HTTP/1.1" 200 -
[10/Sep/2026 00:42:20] "GET /_astro/Router.BPj9U-nC.js HTTP/1.1" 200 -
[10/Sep/2026 00:42:20] "GET /parastorage/services/site-bi/1.17.0/site-bi.umd.min.js HTTP/1.1" 200 -
[10/Sep/2026 00:42:20] "GET /_astro/client.CWebG0_l.js HTTP/1.1" 200 -
[10/Sep/2026 00:42:20] "GET /_astro/index.QbErGXhl.js HTTP/1.1" 200 -
[10/Sep/2026 00:42:20] "GET /parastorage/services/site-analytics/1.14.0/site-analytics.umd.min.js HTTP/1.1" 200 -
[10/Sep/2026 00:42:20] "GET /parastorage/services/tag-manager-client/1.1075.0/siteTags.bundle.min.js HTTP/1.1" 200 -
[10/Sep/2026 00:42:20] "GET /media/b/216404_cdb7bfa69955412eb69f5756fe3d7ee4~mv2.jpg HTTP/1.1" 200 -
[10/Sep/2026 00:42:20] "GET /media/b/216404_de1db352e6914ada8f4e946fbc8349ec~mv2.jpg HTTP/1.1" 200 -
[10/Sep/2026 00:42:28] "GET /property/c7494b18-e81a-478f-a0cb-f43abb641a9b HTTP/1.1" 200 -
[10/Sep/2026 00:42:28] "GET /__offline__/boot.json HTTP/1.1" 200 -
[10/Sep/2026 00:42:28] "GET /__offline__/data/blogposts.json HTTP/1.1" 200 -
[10/Sep/2026 00:42:28] "GET /__offline__/offline-shim.js HTTP/1.1" 200 -
[10/Sep/2026 00:42:28] "GET /_astro/_slug_.BMRhjz4F.css HTTP/1.1" 200 -
[10/Sep/2026 00:42:28] "GET /_astro/entry.nm0Hktb4.css HTTP/1.1" 200 -
[10/Sep/2026 00:42:28] "GET /_astro/page.Da4Tm9W1.js HTTP/1.1" 200 -
[10/Sep/2026 00:42:29] "GET /__offline__/data/faq.json HTTP/1.1" 200 -
[10/Sep/2026 00:42:29] "GET /__offline__/data/featuredreels.json HTTP/1.1" 200 -
[10/Sep/2026 00:42:29] "GET /__offline__/data/properties.json HTTP/1.1" 200 -
[10/Sep/2026 00:42:29] "GET /__offline__/data/propertyimages.json HTTP/1.1" 200 -
[10/Sep/2026 00:42:29] "GET /__offline__/data/propertyvideos.json HTTP/1.1" 200 -
[10/Sep/2026 00:42:29] "GET /__offline__/data/testimonials.json HTTP/1.1" 200 -
[10/Sep/2026 00:42:30] "GET /_astro/astro_scripts/before-hydration.js.Dh2kxll0.js HTTP/1.1" 200 -
[10/Sep/2026 00:42:30] "GET /_astro/setup.4cZrxQ76.js HTTP/1.1" 200 -
[10/Sep/2026 00:42:30] "GET /_astro/_commonjsHelpers.C0HnJYVl.js HTTP/1.1" 200 -
[10/Sep/2026 00:42:30] "GET /_astro/address.CihO0Mvv.js HTTP/1.1" 200 -
[10/Sep/2026 00:42:30] "GET /parastorage/services/site-consent-policy/1.10.0/site-consent-policy.umd.min.js HTTP/1.1" 200 -
[10/Sep/2026 00:42:30] "GET /parastorage/services/cookie-consent-policy-client/1.983.0/headlessApp.bundle.min.js HTTP/1.1" 200 -
[10/Sep/2026 00:42:30] "GET /_astro/Router.BPj9U-nC.js HTTP/1.1" 200 -
[10/Sep/2026 00:42:30] "GET /parastorage/services/site-bi/1.17.0/site-bi.umd.min.js HTTP/1.1" 200 -
[10/Sep/2026 00:42:30] "GET /parastorage/services/site-analytics/1.14.0/site-analytics.umd.min.js HTTP/1.1" 200 -
[10/Sep/2026 00:42:30] "GET /_astro/client.CWebG0_l.js HTTP/1.1" 200 -
[10/Sep/2026 00:42:30] "GET /_astro/index.QbErGXhl.js HTTP/1.1" 200 -
[10/Sep/2026 00:42:30] "GET /parastorage/services/tag-manager-client/1.1075.0/siteTags.bundle.min.js HTTP/1.1" 200 -
[10/Sep/2026 00:42:30] "GET /media/b/216404_cdb7bfa69955412eb69f5756fe3d7ee4~mv2.jpg HTTP/1.1" 200 -
[10/Sep/2026 00:42:30] "GET /media/b/216404_de1db352e6914ada8f4e946fbc8349ec~mv2.jpg HTTP/1.1" 200 -
[10/Sep/2026 00:42:38] "GET /property/3930b887-9f6e-4e5c-a3ab-9e15911c3dbd HTTP/1.1" 200 -
[10/Sep/2026 00:42:39] "GET /__offline__/boot.json HTTP/1.1" 200 -
[10/Sep/2026 00:42:39] "GET /_astro/entry.nm0Hktb4.css HTTP/1.1" 200 -
[10/Sep/2026 00:42:39] "GET /__offline__/data/blogposts.json HTTP/1.1" 200 -
[10/Sep/2026 00:42:39] "GET /_astro/_slug_.BMRhjz4F.css HTTP/1.1" 200 -
[10/Sep/2026 00:42:39] "GET /_astro/page.Da4Tm9W1.js HTTP/1.1" 200 -
[10/Sep/2026 00:42:39] "GET /__offline__/offline-shim.js HTTP/1.1" 200 -
[10/Sep/2026 00:42:39] "GET /__offline__/data/faq.json HTTP/1.1" 200 -
[10/Sep/2026 00:42:39] "GET /__offline__/data/featuredreels.json HTTP/1.1" 200 -
[10/Sep/2026 00:42:39] "GET /__offline__/data/properties.json HTTP/1.1" 200 -
[10/Sep/2026 00:42:39] "GET /__offline__/data/propertyimages.json HTTP/1.1" 200 -
[10/Sep/2026 00:42:40] "GET /__offline__/data/propertyvideos.json HTTP/1.1" 200 -
[10/Sep/2026 00:42:40] "GET /__offline__/data/testimonials.json HTTP/1.1" 200 -
[10/Sep/2026 00:42:40] "GET /_astro/astro_scripts/before-hydration.js.Dh2kxll0.js HTTP/1.1" 200 -
[10/Sep/2026 00:42:40] "GET /_astro/setup.4cZrxQ76.js HTTP/1.1" 200 -
[10/Sep/2026 00:42:40] "GET /_astro/address.CihO0Mvv.js HTTP/1.1" 200 -
[10/Sep/2026 00:42:40] "GET /_astro/_commonjsHelpers.C0HnJYVl.js HTTP/1.1" 200 -
[10/Sep/2026 00:42:40] "GET /parastorage/services/cookie-consent-policy-client/1.983.0/headlessApp.bundle.min.js HTTP/1.1" 200 -
[10/Sep/2026 00:42:40] "GET /parastorage/services/site-consent-policy/1.10.0/site-consent-policy.umd.min.js HTTP/1.1" 200 -
[10/Sep/2026 00:42:40] "GET /_astro/Router.BPj9U-nC.js HTTP/1.1" 200 -
[10/Sep/2026 00:42:40] "GET /_astro/index.QbErGXhl.js HTTP/1.1" 200 -
[10/Sep/2026 00:42:40] "GET /_astro/client.CWebG0_l.js HTTP/1.1" 200 -
[10/Sep/2026 00:42:40] "GET /parastorage/services/site-analytics/1.14.0/site-analytics.umd.min.js HTTP/1.1" 200 -
[10/Sep/2026 00:42:40] "GET /parastorage/services/site-bi/1.17.0/site-bi.umd.min.js HTTP/1.1" 200 -
[10/Sep/2026 00:42:41] "GET /parastorage/services/tag-manager-client/1.1075.0/siteTags.bundle.min.js HTTP/1.1" 200 -
[10/Sep/2026 00:42:41] "GET /media/b/216404_cdb7bfa69955412eb69f5756fe3d7ee4~mv2.jpg HTTP/1.1" 200 -
[10/Sep/2026 00:42:41] "GET /media/b/216404_de1db352e6914ada8f4e946fbc8349ec~mv2.jpg HTTP/1.1" 200 -
[10/Sep/2026 00:42:49] "GET /property/9eee2c09-0d4a-4898-ac5f-035437c361d8 HTTP/1.1" 200 -
[10/Sep/2026 00:42:49] "GET /__offline__/boot.json HTTP/1.1" 200 -
[10/Sep/2026 00:42:49] "GET /_astro/_slug_.BMRhjz4F.css HTTP/1.1" 200 -
[10/Sep/2026 00:42:49] "GET /__offline__/data/blogposts.json HTTP/1.1" 200 -
[10/Sep/2026 00:42:49] "GET /_astro/entry.nm0Hktb4.css HTTP/1.1" 200 -
[10/Sep/2026 00:42:49] "GET /__offline__/offline-shim.js HTTP/1.1" 200 -
[10/Sep/2026 00:42:49] "GET /_astro/page.Da4Tm9W1.js HTTP/1.1" 200 -
[10/Sep/2026 00:42:49] "GET /__offline__/data/faq.json HTTP/1.1" 200 -
[10/Sep/2026 00:42:49] "GET /__offline__/data/featuredreels.json HTTP/1.1" 200 -
[10/Sep/2026 00:42:50] "GET /__offline__/data/properties.json HTTP/1.1" 200 -
[10/Sep/2026 00:42:50] "GET /__offline__/data/propertyimages.json HTTP/1.1" 200 -
[10/Sep/2026 00:42:50] "GET /__offline__/data/propertyvideos.json HTTP/1.1" 200 -
[10/Sep/2026 00:42:50] "GET /__offline__/data/testimonials.json HTTP/1.1" 200 -
[10/Sep/2026 00:42:50] "GET /_astro/astro_scripts/before-hydration.js.Dh2kxll0.js HTTP/1.1" 200 -
[10/Sep/2026 00:42:50] "GET /_astro/setup.4cZrxQ76.js HTTP/1.1" 200 -
[10/Sep/2026 00:42:50] "GET /_astro/address.CihO0Mvv.js HTTP/1.1" 200 -
[10/Sep/2026 00:42:50] "GET /parastorage/services/cookie-consent-policy-client/1.983.0/headlessApp.bundle.min.js HTTP/1.1" 200 -
[10/Sep/2026 00:42:50] "GET /_astro/_commonjsHelpers.C0HnJYVl.js HTTP/1.1" 200 -
[10/Sep/2026 00:42:50] "GET /parastorage/services/site-consent-policy/1.10.0/site-consent-policy.umd.min.js HTTP/1.1" 200 -
[10/Sep/2026 00:42:51] "GET /_astro/Router.BPj9U-nC.js HTTP/1.1" 200 -
[10/Sep/2026 00:42:51] "GET /_astro/index.QbErGXhl.js HTTP/1.1" 200 -
[10/Sep/2026 00:42:51] "GET /_astro/client.CWebG0_l.js HTTP/1.1" 200 -
[10/Sep/2026 00:42:51] "GET /parastorage/services/site-analytics/1.14.0/site-analytics.umd.min.js HTTP/1.1" 200 -
[10/Sep/2026 00:42:51] "GET /parastorage/services/site-bi/1.17.0/site-bi.umd.min.js HTTP/1.1" 200 -
[10/Sep/2026 00:42:51] "GET /parastorage/services/tag-manager-client/1.1075.0/siteTags.bundle.min.js HTTP/1.1" 200 -
[10/Sep/2026 00:42:51] "GET /media/b/216404_de1db352e6914ada8f4e946fbc8349ec~mv2.jpg HTTP/1.1" 200 -
[10/Sep/2026 00:42:51] "GET /media/b/216404_cdb7bfa69955412eb69f5756fe3d7ee4~mv2.jpg HTTP/1.1" 200 -
[10/Sep/2026 00:42:59] "GET /property/b2d7ca00-a249-4411-a5ef-c57f03170891 HTTP/1.1" 200 -
[10/Sep/2026 00:42:59] "GET /__offline__/boot.json HTTP/1.1" 200 -
[10/Sep/2026 00:42:59] "GET /__offline__/data/blogposts.json HTTP/1.1" 200 -
[10/Sep/2026 00:42:59] "GET /_astro/entry.nm0Hktb4.css HTTP/1.1" 200 -
[10/Sep/2026 00:42:59] "GET /_astro/_slug_.BMRhjz4F.css HTTP/1.1" 200 -
[10/Sep/2026 00:42:59] "GET /_astro/page.Da4Tm9W1.js HTTP/1.1" 200 -
[10/Sep/2026 00:42:59] "GET /__offline__/offline-shim.js HTTP/1.1" 200 -
[10/Sep/2026 00:43:00] "GET /__offline__/data/faq.json HTTP/1.1" 200 -
[10/Sep/2026 00:43:00] "GET /__offline__/data/featuredreels.json HTTP/1.1" 200 -
[10/Sep/2026 00:43:00] "GET /__offline__/data/properties.json HTTP/1.1" 200 -
[10/Sep/2026 00:43:00] "GET /__offline__/data/propertyimages.json HTTP/1.1" 200 -
[10/Sep/2026 00:43:00] "GET /__offline__/data/propertyvideos.json HTTP/1.1" 200 -
[10/Sep/2026 00:43:00] "GET /__offline__/data/testimonials.json HTTP/1.1" 200 -
[10/Sep/2026 00:43:01] "GET /_astro/astro_scripts/before-hydration.js.Dh2kxll0.js HTTP/1.1" 200 -
[10/Sep/2026 00:43:01] "GET /_astro/address.CihO0Mvv.js HTTP/1.1" 200 -
[10/Sep/2026 00:43:01] "GET /_astro/_commonjsHelpers.C0HnJYVl.js HTTP/1.1" 200 -
[10/Sep/2026 00:43:01] "GET /parastorage/services/site-consent-policy/1.10.0/site-consent-policy.umd.min.js HTTP/1.1" 200 -
[10/Sep/2026 00:43:01] "GET /_astro/setup.4cZrxQ76.js HTTP/1.1" 200 -
[10/Sep/2026 00:43:01] "GET /parastorage/services/cookie-consent-policy-client/1.983.0/headlessApp.bundle.min.js HTTP/1.1" 200 -
[10/Sep/2026 00:43:01] "GET /_astro/Router.BPj9U-nC.js HTTP/1.1" 200 -
[10/Sep/2026 00:43:01] "GET /_astro/index.QbErGXhl.js HTTP/1.1" 200 -
[10/Sep/2026 00:43:01] "GET /_astro/client.CWebG0_l.js HTTP/1.1" 200 -
[10/Sep/2026 00:43:01] "GET /parastorage/services/site-bi/1.17.0/site-bi.umd.min.js HTTP/1.1" 200 -
[10/Sep/2026 00:43:01] "GET /parastorage/services/site-analytics/1.14.0/site-analytics.umd.min.js HTTP/1.1" 200 -
[10/Sep/2026 00:43:01] "GET /parastorage/services/tag-manager-client/1.1075.0/siteTags.bundle.min.js HTTP/1.1" 200 -
[10/Sep/2026 00:43:01] "GET /media/b/216404_cdb7bfa69955412eb69f5756fe3d7ee4~mv2.jpg HTTP/1.1" 200 -
[10/Sep/2026 00:43:01] "GET /media/b/216404_de1db352e6914ada8f4e946fbc8349ec~mv2.jpg HTTP/1.1" 200 -
[10/Sep/2026 00:43:09] "GET /property/e911f87a-f3bf-41ff-8d84-331cde9a4e09 HTTP/1.1" 200 -
[10/Sep/2026 00:43:10] "GET /__offline__/boot.json HTTP/1.1" 200 -
[10/Sep/2026 00:43:10] "GET /_astro/page.Da4Tm9W1.js HTTP/1.1" 200 -
[10/Sep/2026 00:43:10] "GET /_astro/_slug_.BMRhjz4F.css HTTP/1.1" 200 -
[10/Sep/2026 00:43:10] "GET /__offline__/data/blogposts.json HTTP/1.1" 200 -
[10/Sep/2026 00:43:10] "GET /_astro/entry.nm0Hktb4.css HTTP/1.1" 200 -
[10/Sep/2026 00:43:10] "GET /__offline__/offline-shim.js HTTP/1.1" 200 -
[10/Sep/2026 00:43:10] "GET /__offline__/data/faq.json HTTP/1.1" 200 -
[10/Sep/2026 00:43:10] "GET /__offline__/data/featuredreels.json HTTP/1.1" 200 -
[10/Sep/2026 00:43:10] "GET /__offline__/data/properties.json HTTP/1.1" 200 -
[10/Sep/2026 00:43:10] "GET /__offline__/data/propertyimages.json HTTP/1.1" 200 -
[10/Sep/2026 00:43:11] "GET /__offline__/data/propertyvideos.json HTTP/1.1" 200 -
[10/Sep/2026 00:43:11] "GET /__offline__/data/testimonials.json HTTP/1.1" 200 -
[10/Sep/2026 00:43:11] "GET /_astro/astro_scripts/before-hydration.js.Dh2kxll0.js HTTP/1.1" 200 -
[10/Sep/2026 00:43:11] "GET /_astro/address.CihO0Mvv.js HTTP/1.1" 200 -
[10/Sep/2026 00:43:11] "GET /_astro/setup.4cZrxQ76.js HTTP/1.1" 200 -
[10/Sep/2026 00:43:11] "GET /_astro/_commonjsHelpers.C0HnJYVl.js HTTP/1.1" 200 -
[10/Sep/2026 00:43:11] "GET /parastorage/services/site-consent-policy/1.10.0/site-consent-policy.umd.min.js HTTP/1.1" 200 -
[10/Sep/2026 00:43:11] "GET /parastorage/services/cookie-consent-policy-client/1.983.0/headlessApp.bundle.min.js HTTP/1.1" 200 -
[10/Sep/2026 00:43:11] "GET /_astro/Router.BPj9U-nC.js HTTP/1.1" 200 -
[10/Sep/2026 00:43:11] "GET /parastorage/services/site-bi/1.17.0/site-bi.umd.min.js HTTP/1.1" 200 -
[10/Sep/2026 00:43:11] "GET /_astro/client.CWebG0_l.js HTTP/1.1" 200 -
[10/Sep/2026 00:43:11] "GET /_astro/index.QbErGXhl.js HTTP/1.1" 200 -
[10/Sep/2026 00:43:11] "GET /parastorage/services/site-analytics/1.14.0/site-analytics.umd.min.js HTTP/1.1" 200 -
[10/Sep/2026 00:43:12] "GET /parastorage/services/tag-manager-client/1.1075.0/siteTags.bundle.min.js HTTP/1.1" 200 -
[10/Sep/2026 00:43:12] "GET /media/b/216404_cdb7bfa69955412eb69f5756fe3d7ee4~mv2.jpg HTTP/1.1" 200 -
[10/Sep/2026 00:43:12] "GET /media/b/216404_de1db352e6914ada8f4e946fbc8349ec~mv2.jpg HTTP/1.1" 200 -
[10/Sep/2026 00:43:20] "GET /property/1cf3cbaa-7933-45b3-9451-137d8b663e3a HTTP/1.1" 200 -
[10/Sep/2026 00:43:20] "GET /__offline__/boot.json HTTP/1.1" 200 -
[10/Sep/2026 00:43:20] "GET /_astro/_slug_.BMRhjz4F.css HTTP/1.1" 200 -
[10/Sep/2026 00:43:20] "GET /__offline__/data/blogposts.json HTTP/1.1" 200 -
[10/Sep/2026 00:43:20] "GET /_astro/entry.nm0Hktb4.css HTTP/1.1" 200 -
[10/Sep/2026 00:43:20] "GET /__offline__/offline-shim.js HTTP/1.1" 200 -
[10/Sep/2026 00:43:20] "GET /_astro/page.Da4Tm9W1.js HTTP/1.1" 200 -
[10/Sep/2026 00:43:20] "GET /__offline__/data/faq.json HTTP/1.1" 200 -
[10/Sep/2026 00:43:20] "GET /__offline__/data/featuredreels.json HTTP/1.1" 200 -
[10/Sep/2026 00:43:21] "GET /__offline__/data/properties.json HTTP/1.1" 200 -
[10/Sep/2026 00:43:21] "GET /__offline__/data/propertyimages.json HTTP/1.1" 200 -
[10/Sep/2026 00:43:21] "GET /__offline__/data/propertyvideos.json HTTP/1.1" 200 -
[10/Sep/2026 00:43:21] "GET /__offline__/data/testimonials.json HTTP/1.1" 200 -
[10/Sep/2026 00:43:21] "GET /_astro/astro_scripts/before-hydration.js.Dh2kxll0.js HTTP/1.1" 200 -
[10/Sep/2026 00:43:21] "GET /_astro/setup.4cZrxQ76.js HTTP/1.1" 200 -
[10/Sep/2026 00:43:21] "GET /_astro/address.CihO0Mvv.js HTTP/1.1" 200 -
[10/Sep/2026 00:43:21] "GET /_astro/_commonjsHelpers.C0HnJYVl.js HTTP/1.1" 200 -
[10/Sep/2026 00:43:21] "GET /parastorage/services/cookie-consent-policy-client/1.983.0/headlessApp.bundle.min.js HTTP/1.1" 200 -
[10/Sep/2026 00:43:21] "GET /parastorage/services/site-consent-policy/1.10.0/site-consent-policy.umd.min.js HTTP/1.1" 200 -
[10/Sep/2026 00:43:22] "GET /_astro/Router.BPj9U-nC.js HTTP/1.1" 200 -
[10/Sep/2026 00:43:22] "GET /_astro/client.CWebG0_l.js HTTP/1.1" 200 -
[10/Sep/2026 00:43:22] "GET /_astro/index.QbErGXhl.js HTTP/1.1" 200 -
[10/Sep/2026 00:43:22] "GET /parastorage/services/site-analytics/1.14.0/site-analytics.umd.min.js HTTP/1.1" 200 -
[10/Sep/2026 00:43:22] "GET /parastorage/services/site-bi/1.17.0/site-bi.umd.min.js HTTP/1.1" 200 -
[10/Sep/2026 00:43:22] "GET /parastorage/services/tag-manager-client/1.1075.0/siteTags.bundle.min.js HTTP/1.1" 200 -
[10/Sep/2026 00:43:22] "GET /media/b/216404_cdb7bfa69955412eb69f5756fe3d7ee4~mv2.jpg HTTP/1.1" 200 -
[10/Sep/2026 00:43:22] "GET /media/b/216404_de1db352e6914ada8f4e946fbc8349ec~mv2.jpg HTTP/1.1" 200 -
[10/Sep/2026 00:43:30] "GET /property/03965c67-6e19-4c8d-af1b-d8bacf5e3ea4 HTTP/1.1" 200 -
[10/Sep/2026 00:43:30] "GET /__offline__/boot.json HTTP/1.1" 200 -
[10/Sep/2026 00:43:30] "GET /_astro/entry.nm0Hktb4.css HTTP/1.1" 200 -
[10/Sep/2026 00:43:30] "GET /__offline__/data/blogposts.json HTTP/1.1" 200 -
[10/Sep/2026 00:43:30] "GET /_astro/page.Da4Tm9W1.js HTTP/1.1" 200 -
[10/Sep/2026 00:43:30] "GET /__offline__/offline-shim.js HTTP/1.1" 200 -
[10/Sep/2026 00:43:30] "GET /_astro/_slug_.BMRhjz4F.css HTTP/1.1" 200 -
[10/Sep/2026 00:43:31] "GET /__offline__/data/faq.json HTTP/1.1" 200 -
[10/Sep/2026 00:43:31] "GET /__offline__/data/featuredreels.json HTTP/1.1" 200 -
[10/Sep/2026 00:43:31] "GET /__offline__/data/properties.json HTTP/1.1" 200 -
[10/Sep/2026 00:43:31] "GET /__offline__/data/propertyimages.json HTTP/1.1" 200 -
[10/Sep/2026 00:43:31] "GET /__offline__/data/propertyvideos.json HTTP/1.1" 200 -
[10/Sep/2026 00:43:31] "GET /__offline__/data/testimonials.json HTTP/1.1" 200 -
[10/Sep/2026 00:43:32] "GET /_astro/astro_scripts/before-hydration.js.Dh2kxll0.js HTTP/1.1" 200 -
[10/Sep/2026 00:43:32] "GET /_astro/setup.4cZrxQ76.js HTTP/1.1" 200 -
[10/Sep/2026 00:43:32] "GET /_astro/address.CihO0Mvv.js HTTP/1.1" 200 -
[10/Sep/2026 00:43:32] "GET /parastorage/services/cookie-consent-policy-client/1.983.0/headlessApp.bundle.min.js HTTP/1.1" 200 -
[10/Sep/2026 00:43:32] "GET /_astro/_commonjsHelpers.C0HnJYVl.js HTTP/1.1" 200 -
[10/Sep/2026 00:43:32] "GET /parastorage/services/site-consent-policy/1.10.0/site-consent-policy.umd.min.js HTTP/1.1" 200 -
[10/Sep/2026 00:43:32] "GET /_astro/Router.BPj9U-nC.js HTTP/1.1" 200 -
[10/Sep/2026 00:43:32] "GET /_astro/index.QbErGXhl.js HTTP/1.1" 200 -
[10/Sep/2026 00:43:32] "GET /parastorage/services/site-bi/1.17.0/site-bi.umd.min.js HTTP/1.1" 200 -
[10/Sep/2026 00:43:32] "GET /_astro/client.CWebG0_l.js HTTP/1.1" 200 -
[10/Sep/2026 00:43:32] "GET /parastorage/services/site-analytics/1.14.0/site-analytics.umd.min.js HTTP/1.1" 200 -
[10/Sep/2026 00:43:32] "GET /parastorage/services/tag-manager-client/1.1075.0/siteTags.bundle.min.js HTTP/1.1" 200 -
[10/Sep/2026 00:43:32] "GET /media/b/216404_cdb7bfa69955412eb69f5756fe3d7ee4~mv2.jpg HTTP/1.1" 200 -
[10/Sep/2026 00:43:32] "GET /media/b/216404_de1db352e6914ada8f4e946fbc8349ec~mv2.jpg HTTP/1.1" 200 -
[10/Sep/2026 00:43:40] "GET /property/9918382c-8a94-43fa-a160-fcb1b00e453c HTTP/1.1" 200 -
[10/Sep/2026 00:43:41] "GET /__offline__/boot.json HTTP/1.1" 200 -
[10/Sep/2026 00:43:41] "GET /__offline__/offline-shim.js HTTP/1.1" 200 -
[10/Sep/2026 00:43:41] "GET /__offline__/data/blogposts.json HTTP/1.1" 200 -
[10/Sep/2026 00:43:41] "GET /_astro/entry.nm0Hktb4.css HTTP/1.1" 200 -
[10/Sep/2026 00:43:41] "GET /_astro/_slug_.BMRhjz4F.css HTTP/1.1" 200 -
[10/Sep/2026 00:43:41] "GET /_astro/page.Da4Tm9W1.js HTTP/1.1" 200 -
[10/Sep/2026 00:43:41] "GET /__offline__/data/faq.json HTTP/1.1" 200 -
[10/Sep/2026 00:43:41] "GET /__offline__/data/featuredreels.json HTTP/1.1" 200 -
[10/Sep/2026 00:43:41] "GET /__offline__/data/properties.json HTTP/1.1" 200 -
[10/Sep/2026 00:43:41] "GET /__offline__/data/propertyimages.json HTTP/1.1" 200 -
[10/Sep/2026 00:43:42] "GET /__offline__/data/propertyvideos.json HTTP/1.1" 200 -
[10/Sep/2026 00:43:42] "GET /__offline__/data/testimonials.json HTTP/1.1" 200 -
[10/Sep/2026 00:43:42] "GET /_astro/astro_scripts/before-hydration.js.Dh2kxll0.js HTTP/1.1" 200 -
[10/Sep/2026 00:43:42] "GET /_astro/setup.4cZrxQ76.js HTTP/1.1" 200 -
[10/Sep/2026 00:43:42] "GET /_astro/address.CihO0Mvv.js HTTP/1.1" 200 -
[10/Sep/2026 00:43:42] "GET /_astro/_commonjsHelpers.C0HnJYVl.js HTTP/1.1" 200 -
[10/Sep/2026 00:43:42] "GET /parastorage/services/cookie-consent-policy-client/1.983.0/headlessApp.bundle.min.js HTTP/1.1" 200 -
[10/Sep/2026 00:43:42] "GET /parastorage/services/site-consent-policy/1.10.0/site-consent-policy.umd.min.js HTTP/1.1" 200 -
[10/Sep/2026 00:43:42] "GET /_astro/Router.BPj9U-nC.js HTTP/1.1" 200 -
[10/Sep/2026 00:43:42] "GET /_astro/client.CWebG0_l.js HTTP/1.1" 200 -
[10/Sep/2026 00:43:42] "GET /_astro/index.QbErGXhl.js HTTP/1.1" 200 -
[10/Sep/2026 00:43:42] "GET /parastorage/services/site-bi/1.17.0/site-bi.umd.min.js HTTP/1.1" 200 -
[10/Sep/2026 00:43:42] "GET /parastorage/services/site-analytics/1.14.0/site-analytics.umd.min.js HTTP/1.1" 200 -
[10/Sep/2026 00:43:43] "GET /parastorage/services/tag-manager-client/1.1075.0/siteTags.bundle.min.js HTTP/1.1" 200 -
[10/Sep/2026 00:43:43] "GET /media/b/216404_de1db352e6914ada8f4e946fbc8349ec~mv2.jpg HTTP/1.1" 200 -
[10/Sep/2026 00:43:43] "GET /media/b/216404_cdb7bfa69955412eb69f5756fe3d7ee4~mv2.jpg HTTP/1.1" 200 -
[10/Sep/2026 00:43:51] "GET /property/d4a181c1-07ea-47b3-ae9b-60a34b673f71 HTTP/1.1" 200 -
[10/Sep/2026 00:43:51] "GET /__offline__/boot.json HTTP/1.1" 200 -
[10/Sep/2026 00:43:51] "GET /__offline__/data/blogposts.json HTTP/1.1" 200 -
[10/Sep/2026 00:43:51] "GET /_astro/entry.nm0Hktb4.css HTTP/1.1" 200 -
[10/Sep/2026 00:43:51] "GET /_astro/_slug_.BMRhjz4F.css HTTP/1.1" 200 -
[10/Sep/2026 00:43:51] "GET /_astro/page.Da4Tm9W1.js HTTP/1.1" 200 -
[10/Sep/2026 00:43:51] "GET /__offline__/offline-shim.js HTTP/1.1" 200 -
[10/Sep/2026 00:43:51] "GET /__offline__/data/faq.json HTTP/1.1" 200 -
[10/Sep/2026 00:43:51] "GET /__offline__/data/featuredreels.json HTTP/1.1" 200 -
[10/Sep/2026 00:43:52] "GET /__offline__/data/properties.json HTTP/1.1" 200 -
[10/Sep/2026 00:43:52] "GET /__offline__/data/propertyimages.json HTTP/1.1" 200 -
[10/Sep/2026 00:43:52] "GET /__offline__/data/propertyvideos.json HTTP/1.1" 200 -
[10/Sep/2026 00:43:52] "GET /__offline__/data/testimonials.json HTTP/1.1" 200 -
[10/Sep/2026 00:43:52] "GET /_astro/astro_scripts/before-hydration.js.Dh2kxll0.js HTTP/1.1" 200 -
[10/Sep/2026 00:43:52] "GET /_astro/setup.4cZrxQ76.js HTTP/1.1" 200 -
[10/Sep/2026 00:43:52] "GET /_astro/address.CihO0Mvv.js HTTP/1.1" 200 -
[10/Sep/2026 00:43:52] "GET /_astro/_commonjsHelpers.C0HnJYVl.js HTTP/1.1" 200 -
[10/Sep/2026 00:43:52] "GET /parastorage/services/cookie-consent-policy-client/1.983.0/headlessApp.bundle.min.js HTTP/1.1" 200 -
[10/Sep/2026 00:43:52] "GET /parastorage/services/site-consent-policy/1.10.0/site-consent-policy.umd.min.js HTTP/1.1" 200 -
[10/Sep/2026 00:43:53] "GET /_astro/Router.BPj9U-nC.js HTTP/1.1" 200 -
[10/Sep/2026 00:43:53] "GET /parastorage/services/site-analytics/1.14.0/site-analytics.umd.min.js HTTP/1.1" 200 -
[10/Sep/2026 00:43:53] "GET /_astro/client.CWebG0_l.js HTTP/1.1" 200 -
[10/Sep/2026 00:43:53] "GET /_astro/index.QbErGXhl.js HTTP/1.1" 200 -
[10/Sep/2026 00:43:53] "GET /parastorage/services/site-bi/1.17.0/site-bi.umd.min.js HTTP/1.1" 200 -
[10/Sep/2026 00:43:53] "GET /parastorage/services/tag-manager-client/1.1075.0/siteTags.bundle.min.js HTTP/1.1" 200 -
[10/Sep/2026 00:43:53] "GET /media/b/216404_cdb7bfa69955412eb69f5756fe3d7ee4~mv2.jpg HTTP/1.1" 200 -
[10/Sep/2026 00:43:53] "GET /media/b/216404_de1db352e6914ada8f4e946fbc8349ec~mv2.jpg HTTP/1.1" 200 -
[10/Sep/2026 00:44:01] "GET /property/d97b4b66-08e0-4962-8e6b-6ad9a160a110 HTTP/1.1" 200 -
[10/Sep/2026 00:44:01] "GET /__offline__/boot.json HTTP/1.1" 200 -
[10/Sep/2026 00:44:01] "GET /_astro/_slug_.BMRhjz4F.css HTTP/1.1" 200 -
[10/Sep/2026 00:44:01] "GET /__offline__/data/blogposts.json HTTP/1.1" 200 -
[10/Sep/2026 00:44:01] "GET /_astro/entry.nm0Hktb4.css HTTP/1.1" 200 -
[10/Sep/2026 00:44:01] "GET /_astro/page.Da4Tm9W1.js HTTP/1.1" 200 -
[10/Sep/2026 00:44:01] "GET /__offline__/offline-shim.js HTTP/1.1" 200 -
[10/Sep/2026 00:44:02] "GET /__offline__/data/faq.json HTTP/1.1" 200 -
[10/Sep/2026 00:44:02] "GET /__offline__/data/featuredreels.json HTTP/1.1" 200 -
[10/Sep/2026 00:44:02] "GET /__offline__/data/properties.json HTTP/1.1" 200 -
[10/Sep/2026 00:44:02] "GET /__offline__/data/propertyimages.json HTTP/1.1" 200 -
[10/Sep/2026 00:44:02] "GET /__offline__/data/propertyvideos.json HTTP/1.1" 200 -
[10/Sep/2026 00:44:02] "GET /__offline__/data/testimonials.json HTTP/1.1" 200 -
[10/Sep/2026 00:44:03] "GET /_astro/astro_scripts/before-hydration.js.Dh2kxll0.js HTTP/1.1" 200 -
[10/Sep/2026 00:44:03] "GET /_astro/setup.4cZrxQ76.js HTTP/1.1" 200 -
[10/Sep/2026 00:44:03] "GET /_astro/_commonjsHelpers.C0HnJYVl.js HTTP/1.1" 200 -
[10/Sep/2026 00:44:03] "GET /_astro/address.CihO0Mvv.js HTTP/1.1" 200 -
[10/Sep/2026 00:44:03] "GET /parastorage/services/site-consent-policy/1.10.0/site-consent-policy.umd.min.js HTTP/1.1" 200 -
[10/Sep/2026 00:44:03] "GET /parastorage/services/cookie-consent-policy-client/1.983.0/headlessApp.bundle.min.js HTTP/1.1" 200 -
[10/Sep/2026 00:44:03] "GET /_astro/Router.BPj9U-nC.js HTTP/1.1" 200 -
[10/Sep/2026 00:44:03] "GET /_astro/index.QbErGXhl.js HTTP/1.1" 200 -
[10/Sep/2026 00:44:03] "GET /parastorage/services/site-analytics/1.14.0/site-analytics.umd.min.js HTTP/1.1" 200 -
[10/Sep/2026 00:44:03] "GET /parastorage/services/site-bi/1.17.0/site-bi.umd.min.js HTTP/1.1" 200 -
[10/Sep/2026 00:44:03] "GET /_astro/client.CWebG0_l.js HTTP/1.1" 200 -
[10/Sep/2026 00:44:03] "GET /parastorage/services/tag-manager-client/1.1075.0/siteTags.bundle.min.js HTTP/1.1" 200 -
[10/Sep/2026 00:44:03] "GET /media/b/216404_cdb7bfa69955412eb69f5756fe3d7ee4~mv2.jpg HTTP/1.1" 200 -
[10/Sep/2026 00:44:03] "GET /media/b/216404_de1db352e6914ada8f4e946fbc8349ec~mv2.jpg HTTP/1.1" 200 -
[10/Sep/2026 00:44:11] "GET /property/9093c621-fa9b-45f2-be6e-5cb8483d0480 HTTP/1.1" 200 -
[10/Sep/2026 00:44:12] "GET /__offline__/boot.json HTTP/1.1" 200 -
[10/Sep/2026 00:44:12] "GET /__offline__/data/blogposts.json HTTP/1.1" 200 -
[10/Sep/2026 00:44:12] "GET /_astro/entry.nm0Hktb4.css HTTP/1.1" 200 -
[10/Sep/2026 00:44:12] "GET /_astro/_slug_.BMRhjz4F.css HTTP/1.1" 200 -
[10/Sep/2026 00:44:12] "GET /__offline__/offline-shim.js HTTP/1.1" 200 -
[10/Sep/2026 00:44:12] "GET /_astro/page.Da4Tm9W1.js HTTP/1.1" 200 -
[10/Sep/2026 00:44:12] "GET /__offline__/data/faq.json HTTP/1.1" 200 -
[10/Sep/2026 00:44:12] "GET /__offline__/data/featuredreels.json HTTP/1.1" 200 -
[10/Sep/2026 00:44:12] "GET /__offline__/data/properties.json HTTP/1.1" 200 -
[10/Sep/2026 00:44:12] "GET /__offline__/data/propertyimages.json HTTP/1.1" 200 -
[10/Sep/2026 00:44:13] "GET /__offline__/data/propertyvideos.json HTTP/1.1" 200 -
[10/Sep/2026 00:44:13] "GET /__offline__/data/testimonials.json HTTP/1.1" 200 -
[10/Sep/2026 00:44:13] "GET /_astro/astro_scripts/before-hydration.js.Dh2kxll0.js HTTP/1.1" 200 -
[10/Sep/2026 00:44:13] "GET /_astro/setup.4cZrxQ76.js HTTP/1.1" 200 -
[10/Sep/2026 00:44:13] "GET /_astro/address.CihO0Mvv.js HTTP/1.1" 200 -
[10/Sep/2026 00:44:13] "GET /parastorage/services/cookie-consent-policy-client/1.983.0/headlessApp.bundle.min.js HTTP/1.1" 200 -
[10/Sep/2026 00:44:13] "GET /_astro/_commonjsHelpers.C0HnJYVl.js HTTP/1.1" 200 -
[10/Sep/2026 00:44:13] "GET /parastorage/services/site-consent-policy/1.10.0/site-consent-policy.umd.min.js HTTP/1.1" 200 -
[10/Sep/2026 00:44:13] "GET /_astro/Router.BPj9U-nC.js HTTP/1.1" 200 -
[10/Sep/2026 00:44:13] "GET /_astro/client.CWebG0_l.js HTTP/1.1" 200 -
[10/Sep/2026 00:44:13] "GET /_astro/index.QbErGXhl.js HTTP/1.1" 200 -
[10/Sep/2026 00:44:13] "GET /parastorage/services/site-analytics/1.14.0/site-analytics.umd.min.js HTTP/1.1" 200 -
[10/Sep/2026 00:44:13] "GET /parastorage/services/site-bi/1.17.0/site-bi.umd.min.js HTTP/1.1" 200 -
[10/Sep/2026 00:44:14] "GET /parastorage/services/tag-manager-client/1.1075.0/siteTags.bundle.min.js HTTP/1.1" 200 -
[10/Sep/2026 00:44:14] "GET /media/b/216404_cdb7bfa69955412eb69f5756fe3d7ee4~mv2.jpg HTTP/1.1" 200 -
[10/Sep/2026 00:44:14] "GET /media/b/216404_de1db352e6914ada8f4e946fbc8349ec~mv2.jpg HTTP/1.1" 200 -
[10/Sep/2026 00:44:22] "GET /property/9befed83-ea12-42c0-b588-48fa9c5add9e HTTP/1.1" 200 -
[10/Sep/2026 00:44:22] "GET /__offline__/boot.json HTTP/1.1" 200 -
[10/Sep/2026 00:44:22] "GET /__offline__/data/blogposts.json HTTP/1.1" 200 -
[10/Sep/2026 00:44:22] "GET /_astro/_slug_.BMRhjz4F.css HTTP/1.1" 200 -
[10/Sep/2026 00:44:22] "GET /_astro/entry.nm0Hktb4.css HTTP/1.1" 200 -
[10/Sep/2026 00:44:22] "GET /_astro/page.Da4Tm9W1.js HTTP/1.1" 200 -
[10/Sep/2026 00:44:22] "GET /__offline__/offline-shim.js HTTP/1.1" 200 -
[10/Sep/2026 00:44:22] "GET /__offline__/data/faq.json HTTP/1.1" 200 -
[10/Sep/2026 00:44:22] "GET /__offline__/data/featuredreels.json HTTP/1.1" 200 -
[10/Sep/2026 00:44:23] "GET /__offline__/data/properties.json HTTP/1.1" 200 -
[10/Sep/2026 00:44:23] "GET /__offline__/data/propertyimages.json HTTP/1.1" 200 -
[10/Sep/2026 00:44:23] "GET /__offline__/data/propertyvideos.json HTTP/1.1" 200 -
[10/Sep/2026 00:44:23] "GET /__offline__/data/testimonials.json HTTP/1.1" 200 -
[10/Sep/2026 00:44:23] "GET /_astro/astro_scripts/before-hydration.js.Dh2kxll0.js HTTP/1.1" 200 -
[10/Sep/2026 00:44:23] "GET /_astro/setup.4cZrxQ76.js HTTP/1.1" 200 -
[10/Sep/2026 00:44:23] "GET /_astro/_commonjsHelpers.C0HnJYVl.js HTTP/1.1" 200 -
[10/Sep/2026 00:44:23] "GET /_astro/address.CihO0Mvv.js HTTP/1.1" 200 -
[10/Sep/2026 00:44:23] "GET /parastorage/services/cookie-consent-policy-client/1.983.0/headlessApp.bundle.min.js HTTP/1.1" 200 -
[10/Sep/2026 00:44:23] "GET /parastorage/services/site-consent-policy/1.10.0/site-consent-policy.umd.min.js HTTP/1.1" 200 -
[10/Sep/2026 00:44:24] "GET /_astro/Router.BPj9U-nC.js HTTP/1.1" 200 -
[10/Sep/2026 00:44:24] "GET /_astro/client.CWebG0_l.js HTTP/1.1" 200 -
[10/Sep/2026 00:44:24] "GET /_astro/index.QbErGXhl.js HTTP/1.1" 200 -
[10/Sep/2026 00:44:24] "GET /parastorage/services/site-bi/1.17.0/site-bi.umd.min.js HTTP/1.1" 200 -
[10/Sep/2026 00:44:24] "GET /parastorage/services/site-analytics/1.14.0/site-analytics.umd.min.js HTTP/1.1" 200 -
[10/Sep/2026 00:44:24] "GET /parastorage/services/tag-manager-client/1.1075.0/siteTags.bundle.min.js HTTP/1.1" 200 -
[10/Sep/2026 00:44:24] "GET /media/b/216404_cdb7bfa69955412eb69f5756fe3d7ee4~mv2.jpg HTTP/1.1" 200 -
[10/Sep/2026 00:44:24] "GET /media/b/216404_de1db352e6914ada8f4e946fbc8349ec~mv2.jpg HTTP/1.1" 200 -
[10/Sep/2026 00:44:32] "GET /property/3249a160-c7ad-408a-bb7a-6913496c401f HTTP/1.1" 200 -
[10/Sep/2026 00:44:32] "GET /__offline__/boot.json HTTP/1.1" 200 -
[10/Sep/2026 00:44:32] "GET /__offline__/data/blogposts.json HTTP/1.1" 200 -
[10/Sep/2026 00:44:32] "GET /_astro/page.Da4Tm9W1.js HTTP/1.1" 200 -
[10/Sep/2026 00:44:32] "GET /_astro/entry.nm0Hktb4.css HTTP/1.1" 200 -
[10/Sep/2026 00:44:32] "GET /_astro/_slug_.BMRhjz4F.css HTTP/1.1" 200 -
[10/Sep/2026 00:44:32] "GET /__offline__/offline-shim.js HTTP/1.1" 200 -
[10/Sep/2026 00:44:33] "GET /__offline__/data/faq.json HTTP/1.1" 200 -
[10/Sep/2026 00:44:33] "GET /__offline__/data/featuredreels.json HTTP/1.1" 200 -
[10/Sep/2026 00:44:33] "GET /__offline__/data/properties.json HTTP/1.1" 200 -
[10/Sep/2026 00:44:33] "GET /__offline__/data/propertyimages.json HTTP/1.1" 200 -
[10/Sep/2026 00:44:33] "GET /__offline__/data/propertyvideos.json HTTP/1.1" 200 -
[10/Sep/2026 00:44:33] "GET /__offline__/data/testimonials.json HTTP/1.1" 200 -
[10/Sep/2026 00:44:34] "GET /_astro/astro_scripts/before-hydration.js.Dh2kxll0.js HTTP/1.1" 200 -
[10/Sep/2026 00:44:34] "GET /_astro/address.CihO0Mvv.js HTTP/1.1" 200 -
[10/Sep/2026 00:44:34] "GET /_astro/setup.4cZrxQ76.js HTTP/1.1" 200 -
[10/Sep/2026 00:44:34] "GET /_astro/_commonjsHelpers.C0HnJYVl.js HTTP/1.1" 200 -
[10/Sep/2026 00:44:34] "GET /parastorage/services/cookie-consent-policy-client/1.983.0/headlessApp.bundle.min.js HTTP/1.1" 200 -
[10/Sep/2026 00:44:34] "GET /parastorage/services/site-consent-policy/1.10.0/site-consent-policy.umd.min.js HTTP/1.1" 200 -
[10/Sep/2026 00:44:34] "GET /_astro/Router.BPj9U-nC.js HTTP/1.1" 200 -
[10/Sep/2026 00:44:34] "GET /parastorage/services/site-analytics/1.14.0/site-analytics.umd.min.js HTTP/1.1" 200 -
[10/Sep/2026 00:44:34] "GET /_astro/client.CWebG0_l.js HTTP/1.1" 200 -
[10/Sep/2026 00:44:34] "GET /parastorage/services/site-bi/1.17.0/site-bi.umd.min.js HTTP/1.1" 200 -
[10/Sep/2026 00:44:34] "GET /_astro/index.QbErGXhl.js HTTP/1.1" 200 -
[10/Sep/2026 00:44:34] "GET /parastorage/services/tag-manager-client/1.1075.0/siteTags.bundle.min.js HTTP/1.1" 200 -
[10/Sep/2026 00:44:34] "GET /media/b/216404_cdb7bfa69955412eb69f5756fe3d7ee4~mv2.jpg HTTP/1.1" 200 -
[10/Sep/2026 00:44:34] "GET /media/b/216404_de1db352e6914ada8f4e946fbc8349ec~mv2.jpg HTTP/1.1" 200 -
[10/Sep/2026 00:44:42] "GET /property/4bf62e21-000e-47a2-bc4f-a6a8d52bd2f1 HTTP/1.1" 200 -
[10/Sep/2026 00:44:43] "GET /__offline__/boot.json HTTP/1.1" 200 -
[10/Sep/2026 00:44:43] "GET /__offline__/data/blogposts.json HTTP/1.1" 200 -
[10/Sep/2026 00:44:43] "GET /_astro/_slug_.BMRhjz4F.css HTTP/1.1" 200 -
[10/Sep/2026 00:44:43] "GET /__offline__/offline-shim.js HTTP/1.1" 200 -
[10/Sep/2026 00:44:43] "GET /_astro/page.Da4Tm9W1.js HTTP/1.1" 200 -
[10/Sep/2026 00:44:43] "GET /_astro/entry.nm0Hktb4.css HTTP/1.1" 200 -
[10/Sep/2026 00:44:43] "GET /__offline__/data/faq.json HTTP/1.1" 200 -
[10/Sep/2026 00:44:43] "GET /__offline__/data/featuredreels.json HTTP/1.1" 200 -
[10/Sep/2026 00:44:43] "GET /__offline__/data/properties.json HTTP/1.1" 200 -
[10/Sep/2026 00:44:43] "GET /__offline__/data/propertyimages.json HTTP/1.1" 200 -
[10/Sep/2026 00:44:44] "GET /__offline__/data/propertyvideos.json HTTP/1.1" 200 -
[10/Sep/2026 00:44:44] "GET /__offline__/data/testimonials.json HTTP/1.1" 200 -
[10/Sep/2026 00:44:44] "GET /_astro/astro_scripts/before-hydration.js.Dh2kxll0.js HTTP/1.1" 200 -
[10/Sep/2026 00:44:44] "GET /_astro/address.CihO0Mvv.js HTTP/1.1" 200 -
[10/Sep/2026 00:44:44] "GET /_astro/setup.4cZrxQ76.js HTTP/1.1" 200 -
[10/Sep/2026 00:44:44] "GET /parastorage/services/cookie-consent-policy-client/1.983.0/headlessApp.bundle.min.js HTTP/1.1" 200 -
[10/Sep/2026 00:44:44] "GET /_astro/_commonjsHelpers.C0HnJYVl.js HTTP/1.1" 200 -
[10/Sep/2026 00:44:44] "GET /parastorage/services/site-consent-policy/1.10.0/site-consent-policy.umd.min.js HTTP/1.1" 200 -
[10/Sep/2026 00:44:44] "GET /_astro/Router.BPj9U-nC.js HTTP/1.1" 200 -
[10/Sep/2026 00:44:44] "GET /_astro/index.QbErGXhl.js HTTP/1.1" 200 -
[10/Sep/2026 00:44:44] "GET /_astro/client.CWebG0_l.js HTTP/1.1" 200 -
[10/Sep/2026 00:44:44] "GET /parastorage/services/site-bi/1.17.0/site-bi.umd.min.js HTTP/1.1" 200 -
[10/Sep/2026 00:44:44] "GET /parastorage/services/site-analytics/1.14.0/site-analytics.umd.min.js HTTP/1.1" 200 -
[10/Sep/2026 00:44:45] "GET /parastorage/services/tag-manager-client/1.1075.0/siteTags.bundle.min.js HTTP/1.1" 200 -
[10/Sep/2026 00:44:45] "GET /media/b/216404_de1db352e6914ada8f4e946fbc8349ec~mv2.jpg HTTP/1.1" 200 -
[10/Sep/2026 00:44:45] "GET /media/b/216404_cdb7bfa69955412eb69f5756fe3d7ee4~mv2.jpg HTTP/1.1" 200 -
[10/Sep/2026 00:44:53] "GET /property/b9501e47-d299-4ecf-bc5c-96a6d2257177 HTTP/1.1" 200 -
[10/Sep/2026 00:44:53] "GET /__offline__/boot.json HTTP/1.1" 200 -
[10/Sep/2026 00:44:53] "GET /_astro/entry.nm0Hktb4.css HTTP/1.1" 200 -
[10/Sep/2026 00:44:53] "GET /_astro/_slug_.BMRhjz4F.css HTTP/1.1" 200 -
[10/Sep/2026 00:44:53] "GET /__offline__/offline-shim.js HTTP/1.1" 200 -
[10/Sep/2026 00:44:53] "GET /_astro/page.Da4Tm9W1.js HTTP/1.1" 200 -
[10/Sep/2026 00:44:53] "GET /__offline__/data/blogposts.json HTTP/1.1" 200 -
[10/Sep/2026 00:44:53] "GET /__offline__/data/faq.json HTTP/1.1" 200 -
[10/Sep/2026 00:44:53] "GET /__offline__/data/featuredreels.json HTTP/1.1" 200 -
[10/Sep/2026 00:44:54] "GET /__offline__/data/properties.json HTTP/1.1" 200 -
[10/Sep/2026 00:44:54] "GET /__offline__/data/propertyimages.json HTTP/1.1" 200 -
[10/Sep/2026 00:44:54] "GET /__offline__/data/propertyvideos.json HTTP/1.1" 200 -
[10/Sep/2026 00:44:54] "GET /__offline__/data/testimonials.json HTTP/1.1" 200 -
[10/Sep/2026 00:44:54] "GET /_astro/astro_scripts/before-hydration.js.Dh2kxll0.js HTTP/1.1" 200 -
[10/Sep/2026 00:44:54] "GET /_astro/address.CihO0Mvv.js HTTP/1.1" 200 -
[10/Sep/2026 00:44:54] "GET /parastorage/services/site-consent-policy/1.10.0/site-consent-policy.umd.min.js HTTP/1.1" 200 -
[10/Sep/2026 00:44:54] "GET /_astro/setup.4cZrxQ76.js HTTP/1.1" 200 -
[10/Sep/2026 00:44:54] "GET /_astro/_commonjsHelpers.C0HnJYVl.js HTTP/1.1" 200 -
[10/Sep/2026 00:44:54] "GET /parastorage/services/cookie-consent-policy-client/1.983.0/headlessApp.bundle.min.js HTTP/1.1" 200 -
[10/Sep/2026 00:44:55] "GET /_astro/Router.BPj9U-nC.js HTTP/1.1" 200 -
[10/Sep/2026 00:44:55] "GET /_astro/client.CWebG0_l.js HTTP/1.1" 200 -
[10/Sep/2026 00:44:55] "GET /parastorage/services/site-bi/1.17.0/site-bi.umd.min.js HTTP/1.1" 200 -
[10/Sep/2026 00:44:55] "GET /parastorage/services/site-analytics/1.14.0/site-analytics.umd.min.js HTTP/1.1" 200 -
[10/Sep/2026 00:44:55] "GET /_astro/index.QbErGXhl.js HTTP/1.1" 200 -
[10/Sep/2026 00:44:55] "GET /parastorage/services/tag-manager-client/1.1075.0/siteTags.bundle.min.js HTTP/1.1" 200 -
[10/Sep/2026 00:44:55] "GET /media/b/216404_cdb7bfa69955412eb69f5756fe3d7ee4~mv2.jpg HTTP/1.1" 200 -
[10/Sep/2026 00:44:55] "GET /media/b/216404_de1db352e6914ada8f4e946fbc8349ec~mv2.jpg HTTP/1.1" 200 -
[10/Sep/2026 00:45:03] "GET /property/69d2779d-3777-4b4f-aa89-684084518fc6 HTTP/1.1" 200 -
[10/Sep/2026 00:45:03] "GET /__offline__/boot.json HTTP/1.1" 200 -
[10/Sep/2026 00:45:03] "GET /__offline__/data/blogposts.json HTTP/1.1" 200 -
[10/Sep/2026 00:45:03] "GET /_astro/entry.nm0Hktb4.css HTTP/1.1" 200 -
[10/Sep/2026 00:45:03] "GET /_astro/_slug_.BMRhjz4F.css HTTP/1.1" 200 -
[10/Sep/2026 00:45:03] "GET /__offline__/offline-shim.js HTTP/1.1" 200 -
[10/Sep/2026 00:45:03] "GET /_astro/page.Da4Tm9W1.js HTTP/1.1" 200 -
[10/Sep/2026 00:45:04] "GET /__offline__/data/faq.json HTTP/1.1" 200 -
[10/Sep/2026 00:45:04] "GET /__offline__/data/featuredreels.json HTTP/1.1" 200 -
[10/Sep/2026 00:45:04] "GET /__offline__/data/properties.json HTTP/1.1" 200 -
[10/Sep/2026 00:45:04] "GET /__offline__/data/propertyimages.json HTTP/1.1" 200 -
[10/Sep/2026 00:45:04] "GET /__offline__/data/propertyvideos.json HTTP/1.1" 200 -
[10/Sep/2026 00:45:04] "GET /__offline__/data/testimonials.json HTTP/1.1" 200 -
[10/Sep/2026 00:45:05] "GET /_astro/astro_scripts/before-hydration.js.Dh2kxll0.js HTTP/1.1" 200 -
[10/Sep/2026 00:45:05] "GET /_astro/address.CihO0Mvv.js HTTP/1.1" 200 -
[10/Sep/2026 00:45:05] "GET /_astro/setup.4cZrxQ76.js HTTP/1.1" 200 -
[10/Sep/2026 00:45:05] "GET /parastorage/services/site-consent-policy/1.10.0/site-consent-policy.umd.min.js HTTP/1.1" 200 -
[10/Sep/2026 00:45:05] "GET /_astro/_commonjsHelpers.C0HnJYVl.js HTTP/1.1" 200 -
[10/Sep/2026 00:45:05] "GET /parastorage/services/cookie-consent-policy-client/1.983.0/headlessApp.bundle.min.js HTTP/1.1" 200 -
[10/Sep/2026 00:45:05] "GET /_astro/Router.BPj9U-nC.js HTTP/1.1" 200 -
[10/Sep/2026 00:45:05] "GET /_astro/client.CWebG0_l.js HTTP/1.1" 200 -
[10/Sep/2026 00:45:05] "GET /parastorage/services/site-analytics/1.14.0/site-analytics.umd.min.js HTTP/1.1" 200 -
[10/Sep/2026 00:45:05] "GET /_astro/index.QbErGXhl.js HTTP/1.1" 200 -
[10/Sep/2026 00:45:05] "GET /parastorage/services/site-bi/1.17.0/site-bi.umd.min.js HTTP/1.1" 200 -
[10/Sep/2026 00:45:05] "GET /parastorage/services/tag-manager-client/1.1075.0/siteTags.bundle.min.js HTTP/1.1" 200 -
[10/Sep/2026 00:45:05] "GET /media/b/216404_cdb7bfa69955412eb69f5756fe3d7ee4~mv2.jpg HTTP/1.1" 200 -
[10/Sep/2026 00:45:05] "GET /media/b/216404_de1db352e6914ada8f4e946fbc8349ec~mv2.jpg HTTP/1.1" 200 -
[10/Sep/2026 00:45:13] "GET /property/e1534117-1acb-45a8-a338-f769ca259f12 HTTP/1.1" 200 -
[10/Sep/2026 00:45:14] "GET /__offline__/boot.json HTTP/1.1" 200 -
[10/Sep/2026 00:45:14] "GET /_astro/entry.nm0Hktb4.css HTTP/1.1" 200 -
[10/Sep/2026 00:45:14] "GET /_astro/_slug_.BMRhjz4F.css HTTP/1.1" 200 -
[10/Sep/2026 00:45:14] "GET /__offline__/data/blogposts.json HTTP/1.1" 200 -
[10/Sep/2026 00:45:14] "GET /_astro/page.Da4Tm9W1.js HTTP/1.1" 200 -
[10/Sep/2026 00:45:14] "GET /__offline__/offline-shim.js HTTP/1.1" 200 -
[10/Sep/2026 00:45:14] "GET /__offline__/data/faq.json HTTP/1.1" 200 -
[10/Sep/2026 00:45:14] "GET /__offline__/data/featuredreels.json HTTP/1.1" 200 -
[10/Sep/2026 00:45:14] "GET /__offline__/data/properties.json HTTP/1.1" 200 -
[10/Sep/2026 00:45:14] "GET /__offline__/data/propertyimages.json HTTP/1.1" 200 -
[10/Sep/2026 00:45:15] "GET /__offline__/data/propertyvideos.json HTTP/1.1" 200 -
[10/Sep/2026 00:45:15] "GET /__offline__/data/testimonials.json HTTP/1.1" 200 -
[10/Sep/2026 00:45:15] "GET /_astro/astro_scripts/before-hydration.js.Dh2kxll0.js HTTP/1.1" 200 -
[10/Sep/2026 00:45:15] "GET /_astro/address.CihO0Mvv.js HTTP/1.1" 200 -
[10/Sep/2026 00:45:15] "GET /_astro/_commonjsHelpers.C0HnJYVl.js HTTP/1.1" 200 -
[10/Sep/2026 00:45:15] "GET /_astro/setup.4cZrxQ76.js HTTP/1.1" 200 -
[10/Sep/2026 00:45:15] "GET /parastorage/services/cookie-consent-policy-client/1.983.0/headlessApp.bundle.min.js HTTP/1.1" 200 -
[10/Sep/2026 00:45:15] "GET /parastorage/services/site-consent-policy/1.10.0/site-consent-policy.umd.min.js HTTP/1.1" 200 -
[10/Sep/2026 00:45:15] "GET /_astro/Router.BPj9U-nC.js HTTP/1.1" 200 -
[10/Sep/2026 00:45:15] "GET /parastorage/services/site-analytics/1.14.0/site-analytics.umd.min.js HTTP/1.1" 200 -
[10/Sep/2026 00:45:15] "GET /_astro/client.CWebG0_l.js HTTP/1.1" 200 -
[10/Sep/2026 00:45:15] "GET /parastorage/services/site-bi/1.17.0/site-bi.umd.min.js HTTP/1.1" 200 -
[10/Sep/2026 00:45:15] "GET /_astro/index.QbErGXhl.js HTTP/1.1" 200 -
[10/Sep/2026 00:45:16] "GET /parastorage/services/tag-manager-client/1.1075.0/siteTags.bundle.min.js HTTP/1.1" 200 -
[10/Sep/2026 00:45:16] "GET /media/b/216404_cdb7bfa69955412eb69f5756fe3d7ee4~mv2.jpg HTTP/1.1" 200 -
[10/Sep/2026 00:45:16] "GET /media/b/216404_de1db352e6914ada8f4e946fbc8349ec~mv2.jpg HTTP/1.1" 200 -
[10/Sep/2026 00:45:24] "GET /property/54be72e8-3311-4382-9fe7-112685d64b0f HTTP/1.1" 200 -
[10/Sep/2026 00:45:24] "GET /__offline__/boot.json HTTP/1.1" 200 -
[10/Sep/2026 00:45:24] "GET /_astro/_slug_.BMRhjz4F.css HTTP/1.1" 200 -
[10/Sep/2026 00:45:24] "GET /_astro/entry.nm0Hktb4.css HTTP/1.1" 200 -
[10/Sep/2026 00:45:24] "GET /_astro/page.Da4Tm9W1.js HTTP/1.1" 200 -
[10/Sep/2026 00:45:24] "GET /__offline__/data/blogposts.json HTTP/1.1" 200 -
[10/Sep/2026 00:45:24] "GET /__offline__/offline-shim.js HTTP/1.1" 200 -
[10/Sep/2026 00:45:24] "GET /__offline__/data/faq.json HTTP/1.1" 200 -
[10/Sep/2026 00:45:24] "GET /__offline__/data/featuredreels.json HTTP/1.1" 200 -
[10/Sep/2026 00:45:25] "GET /__offline__/data/properties.json HTTP/1.1" 200 -
[10/Sep/2026 00:45:25] "GET /__offline__/data/propertyimages.json HTTP/1.1" 200 -
[10/Sep/2026 00:45:25] "GET /__offline__/data/propertyvideos.json HTTP/1.1" 200 -
[10/Sep/2026 00:45:25] "GET /__offline__/data/testimonials.json HTTP/1.1" 200 -
[10/Sep/2026 00:45:25] "GET /_astro/astro_scripts/before-hydration.js.Dh2kxll0.js HTTP/1.1" 200 -
[10/Sep/2026 00:45:25] "GET /parastorage/services/cookie-consent-policy-client/1.983.0/headlessApp.bundle.min.js HTTP/1.1" 200 -
[10/Sep/2026 00:45:25] "GET /_astro/address.CihO0Mvv.js HTTP/1.1" 200 -
[10/Sep/2026 00:45:25] "GET /_astro/_commonjsHelpers.C0HnJYVl.js HTTP/1.1" 200 -
[10/Sep/2026 00:45:25] "GET /_astro/setup.4cZrxQ76.js HTTP/1.1" 200 -
[10/Sep/2026 00:45:25] "GET /parastorage/services/site-consent-policy/1.10.0/site-consent-policy.umd.min.js HTTP/1.1" 200 -
[10/Sep/2026 00:45:26] "GET /_astro/Router.BPj9U-nC.js HTTP/1.1" 200 -
[10/Sep/2026 00:45:26] "GET /parastorage/services/site-bi/1.17.0/site-bi.umd.min.js HTTP/1.1" 200 -
[10/Sep/2026 00:45:26] "GET /_astro/index.QbErGXhl.js HTTP/1.1" 200 -
[10/Sep/2026 00:45:26] "GET /_astro/client.CWebG0_l.js HTTP/1.1" 200 -
[10/Sep/2026 00:45:26] "GET /parastorage/services/site-analytics/1.14.0/site-analytics.umd.min.js HTTP/1.1" 200 -
[10/Sep/2026 00:45:26] "GET /parastorage/services/tag-manager-client/1.1075.0/siteTags.bundle.min.js HTTP/1.1" 200 -
[10/Sep/2026 00:45:26] "GET /media/b/216404_cdb7bfa69955412eb69f5756fe3d7ee4~mv2.jpg HTTP/1.1" 200 -
[10/Sep/2026 00:45:26] "GET /media/b/216404_de1db352e6914ada8f4e946fbc8349ec~mv2.jpg HTTP/1.1" 200 -
[10/Sep/2026 00:45:34] "GET /property/75de911b-220e-4e2c-89e8-d7d901a06b1b HTTP/1.1" 200 -
[10/Sep/2026 00:45:34] "GET /__offline__/boot.json HTTP/1.1" 200 -
[10/Sep/2026 00:45:34] "GET /__offline__/offline-shim.js HTTP/1.1" 200 -
[10/Sep/2026 00:45:34] "GET /__offline__/data/blogposts.json HTTP/1.1" 200 -
[10/Sep/2026 00:45:34] "GET /_astro/entry.nm0Hktb4.css HTTP/1.1" 200 -
[10/Sep/2026 00:45:34] "GET /_astro/page.Da4Tm9W1.js HTTP/1.1" 200 -
[10/Sep/2026 00:45:34] "GET /_astro/_slug_.BMRhjz4F.css HTTP/1.1" 200 -
[10/Sep/2026 00:45:35] "GET /__offline__/data/faq.json HTTP/1.1" 200 -
[10/Sep/2026 00:45:35] "GET /__offline__/data/featuredreels.json HTTP/1.1" 200 -
[10/Sep/2026 00:45:35] "GET /__offline__/data/properties.json HTTP/1.1" 200 -
[10/Sep/2026 00:45:35] "GET /__offline__/data/propertyimages.json HTTP/1.1" 200 -
[10/Sep/2026 00:45:35] "GET /__offline__/data/propertyvideos.json HTTP/1.1" 200 -
[10/Sep/2026 00:45:35] "GET /__offline__/data/testimonials.json HTTP/1.1" 200 -
[10/Sep/2026 00:45:36] "GET /_astro/astro_scripts/before-hydration.js.Dh2kxll0.js HTTP/1.1" 200 -
[10/Sep/2026 00:45:36] "GET /parastorage/services/site-consent-policy/1.10.0/site-consent-policy.umd.min.js HTTP/1.1" 200 -
[10/Sep/2026 00:45:36] "GET /_astro/_commonjsHelpers.C0HnJYVl.js HTTP/1.1" 200 -
[10/Sep/2026 00:45:36] "GET /_astro/address.CihO0Mvv.js HTTP/1.1" 200 -
[10/Sep/2026 00:45:36] "GET /parastorage/services/cookie-consent-policy-client/1.983.0/headlessApp.bundle.min.js HTTP/1.1" 200 -
[10/Sep/2026 00:45:36] "GET /_astro/setup.4cZrxQ76.js HTTP/1.1" 200 -
[10/Sep/2026 00:45:36] "GET /_astro/Router.BPj9U-nC.js HTTP/1.1" 200 -
[10/Sep/2026 00:45:36] "GET /parastorage/services/site-bi/1.17.0/site-bi.umd.min.js HTTP/1.1" 200 -
[10/Sep/2026 00:45:36] "GET /parastorage/services/site-analytics/1.14.0/site-analytics.umd.min.js HTTP/1.1" 200 -
[10/Sep/2026 00:45:36] "GET /_astro/client.CWebG0_l.js HTTP/1.1" 200 -
[10/Sep/2026 00:45:36] "GET /_astro/index.QbErGXhl.js HTTP/1.1" 200 -
[10/Sep/2026 00:45:36] "GET /parastorage/services/tag-manager-client/1.1075.0/siteTags.bundle.min.js HTTP/1.1" 200 -
[10/Sep/2026 00:45:36] "GET /media/b/216404_cdb7bfa69955412eb69f5756fe3d7ee4~mv2.jpg HTTP/1.1" 200 -
[10/Sep/2026 00:45:36] "GET /media/b/216404_de1db352e6914ada8f4e946fbc8349ec~mv2.jpg HTTP/1.1" 200 -
[10/Sep/2026 00:45:44] "GET /blog/7cdffa12-2922-4018-afc1-4bec360a04e7 HTTP/1.1" 200 -
[10/Sep/2026 00:45:45] "GET /__offline__/boot.json HTTP/1.1" 200 -
[10/Sep/2026 00:45:45] "GET /__offline__/data/blogposts.json HTTP/1.1" 200 -
[10/Sep/2026 00:45:45] "GET /_astro/_slug_.BMRhjz4F.css HTTP/1.1" 200 -
[10/Sep/2026 00:45:45] "GET /_astro/entry.nm0Hktb4.css HTTP/1.1" 200 -
[10/Sep/2026 00:45:45] "GET /__offline__/offline-shim.js HTTP/1.1" 200 -
[10/Sep/2026 00:45:45] "GET /_astro/page.Da4Tm9W1.js HTTP/1.1" 200 -
[10/Sep/2026 00:45:45] "GET /__offline__/data/faq.json HTTP/1.1" 200 -
[10/Sep/2026 00:45:45] "GET /__offline__/data/featuredreels.json HTTP/1.1" 200 -
[10/Sep/2026 00:45:45] "GET /__offline__/data/properties.json HTTP/1.1" 200 -
[10/Sep/2026 00:45:45] "GET /__offline__/data/propertyimages.json HTTP/1.1" 200 -
[10/Sep/2026 00:45:46] "GET /__offline__/data/propertyvideos.json HTTP/1.1" 200 -
[10/Sep/2026 00:45:46] "GET /__offline__/data/testimonials.json HTTP/1.1" 200 -
[10/Sep/2026 00:45:46] "GET /_astro/astro_scripts/before-hydration.js.Dh2kxll0.js HTTP/1.1" 200 -
[10/Sep/2026 00:45:46] "GET /parastorage/services/site-consent-policy/1.10.0/site-consent-policy.umd.min.js HTTP/1.1" 200 -
[10/Sep/2026 00:45:46] "GET /_astro/address.CihO0Mvv.js HTTP/1.1" 200 -
[10/Sep/2026 00:45:46] "GET /_astro/setup.4cZrxQ76.js HTTP/1.1" 200 -
[10/Sep/2026 00:45:46] "GET /_astro/_commonjsHelpers.C0HnJYVl.js HTTP/1.1" 200 -
[10/Sep/2026 00:45:46] "GET /parastorage/services/cookie-consent-policy-client/1.983.0/headlessApp.bundle.min.js HTTP/1.1" 200 -
[10/Sep/2026 00:45:46] "GET /_astro/Router.BPj9U-nC.js HTTP/1.1" 200 -
[10/Sep/2026 00:45:46] "GET /_astro/index.QbErGXhl.js HTTP/1.1" 200 -
[10/Sep/2026 00:45:46] "GET /_astro/client.CWebG0_l.js HTTP/1.1" 200 -
[10/Sep/2026 00:45:46] "GET /parastorage/services/site-bi/1.17.0/site-bi.umd.min.js HTTP/1.1" 200 -
[10/Sep/2026 00:45:46] "GET /parastorage/services/site-analytics/1.14.0/site-analytics.umd.min.js HTTP/1.1" 200 -
[10/Sep/2026 00:45:47] "GET /parastorage/services/tag-manager-client/1.1075.0/siteTags.bundle.min.js HTTP/1.1" 200 -
[10/Sep/2026 00:45:47] "GET /media/b/216404_cdb7bfa69955412eb69f5756fe3d7ee4~mv2.jpg HTTP/1.1" 200 -
[10/Sep/2026 00:45:47] "GET /media/b/216404_99b65d8e4edf4d9ea8caf90e0a80662d~mv2.png?originWidth=640&originHeight=640 HTTP/1.1" 200 -
[10/Sep/2026 00:45:47] "GET /media/b/216404_de1db352e6914ada8f4e946fbc8349ec~mv2.jpg HTTP/1.1" 200 -
[10/Sep/2026 00:45:55] "GET /blog/f552939a-015d-47d7-9629-5ee4b1163091 HTTP/1.1" 200 -
[10/Sep/2026 00:45:55] "GET /__offline__/boot.json HTTP/1.1" 200 -
[10/Sep/2026 00:45:55] "GET /_astro/entry.nm0Hktb4.css HTTP/1.1" 200 -
[10/Sep/2026 00:45:55] "GET /__offline__/data/blogposts.json HTTP/1.1" 200 -
[10/Sep/2026 00:45:55] "GET /_astro/_slug_.BMRhjz4F.css HTTP/1.1" 200 -
[10/Sep/2026 00:45:55] "GET /_astro/page.Da4Tm9W1.js HTTP/1.1" 200 -
[10/Sep/2026 00:45:55] "GET /__offline__/offline-shim.js HTTP/1.1" 200 -
[10/Sep/2026 00:45:55] "GET /__offline__/data/faq.json HTTP/1.1" 200 -
[10/Sep/2026 00:45:55] "GET /__offline__/data/featuredreels.json HTTP/1.1" 200 -
[10/Sep/2026 00:45:56] "GET /__offline__/data/properties.json HTTP/1.1" 200 -
[10/Sep/2026 00:45:56] "GET /__offline__/data/propertyimages.json HTTP/1.1" 200 -
[10/Sep/2026 00:45:56] "GET /__offline__/data/propertyvideos.json HTTP/1.1" 200 -
[10/Sep/2026 00:45:56] "GET /__offline__/data/testimonials.json HTTP/1.1" 200 -
[10/Sep/2026 00:45:56] "GET /_astro/astro_scripts/before-hydration.js.Dh2kxll0.js HTTP/1.1" 200 -
[10/Sep/2026 00:45:56] "GET /_astro/address.CihO0Mvv.js HTTP/1.1" 200 -
[10/Sep/2026 00:45:56] "GET /_astro/setup.4cZrxQ76.js HTTP/1.1" 200 -
[10/Sep/2026 00:45:56] "GET /_astro/_commonjsHelpers.C0HnJYVl.js HTTP/1.1" 200 -
[10/Sep/2026 00:45:56] "GET /parastorage/services/site-consent-policy/1.10.0/site-consent-policy.umd.min.js HTTP/1.1" 200 -
[10/Sep/2026 00:45:56] "GET /parastorage/services/cookie-consent-policy-client/1.983.0/headlessApp.bundle.min.js HTTP/1.1" 200 -
[10/Sep/2026 00:45:57] "GET /_astro/Router.BPj9U-nC.js HTTP/1.1" 200 -
[10/Sep/2026 00:45:57] "GET /_astro/client.CWebG0_l.js HTTP/1.1" 200 -
[10/Sep/2026 00:45:57] "GET /_astro/index.QbErGXhl.js HTTP/1.1" 200 -
[10/Sep/2026 00:45:57] "GET /parastorage/services/site-bi/1.17.0/site-bi.umd.min.js HTTP/1.1" 200 -
[10/Sep/2026 00:45:57] "GET /parastorage/services/site-analytics/1.14.0/site-analytics.umd.min.js HTTP/1.1" 200 -
[10/Sep/2026 00:45:57] "GET /parastorage/services/tag-manager-client/1.1075.0/siteTags.bundle.min.js HTTP/1.1" 200 -
[10/Sep/2026 00:45:57] "GET /media/b/216404_cdb7bfa69955412eb69f5756fe3d7ee4~mv2.jpg HTTP/1.1" 200 -
[10/Sep/2026 00:45:57] "GET /media/b/216404_de1db352e6914ada8f4e946fbc8349ec~mv2.jpg HTTP/1.1" 200 -
[10/Sep/2026 00:45:57] "GET /media/b/216404_5f7722e68d99447f9643b00d600c646d~mv2.png?originWidth=640&originHeight=640 HTTP/1.1" 200 -
[10/Sep/2026 00:46:05] "GET /blog/47ea5159-5508-4052-b1fb-a66a72c23994 HTTP/1.1" 200 -
[10/Sep/2026 00:46:05] "GET /__offline__/boot.json HTTP/1.1" 200 -
[10/Sep/2026 00:46:05] "GET /__offline__/data/blogposts.json HTTP/1.1" 200 -
[10/Sep/2026 00:46:05] "GET /_astro/entry.nm0Hktb4.css HTTP/1.1" 200 -
[10/Sep/2026 00:46:05] "GET /_astro/_slug_.BMRhjz4F.css HTTP/1.1" 200 -
[10/Sep/2026 00:46:05] "GET /__offline__/offline-shim.js HTTP/1.1" 200 -
[10/Sep/2026 00:46:05] "GET /_astro/page.Da4Tm9W1.js HTTP/1.1" 200 -
[10/Sep/2026 00:46:06] "GET /__offline__/data/faq.json HTTP/1.1" 200 -
[10/Sep/2026 00:46:06] "GET /__offline__/data/featuredreels.json HTTP/1.1" 200 -
[10/Sep/2026 00:46:06] "GET /__offline__/data/properties.json HTTP/1.1" 200 -
[10/Sep/2026 00:46:06] "GET /__offline__/data/propertyimages.json HTTP/1.1" 200 -
[10/Sep/2026 00:46:06] "GET /__offline__/data/propertyvideos.json HTTP/1.1" 200 -
[10/Sep/2026 00:46:06] "GET /__offline__/data/testimonials.json HTTP/1.1" 200 -
[10/Sep/2026 00:46:07] "GET /_astro/astro_scripts/before-hydration.js.Dh2kxll0.js HTTP/1.1" 200 -
[10/Sep/2026 00:46:07] "GET /_astro/setup.4cZrxQ76.js HTTP/1.1" 200 -
[10/Sep/2026 00:46:07] "GET /_astro/address.CihO0Mvv.js HTTP/1.1" 200 -
[10/Sep/2026 00:46:07] "GET /_astro/_commonjsHelpers.C0HnJYVl.js HTTP/1.1" 200 -
[10/Sep/2026 00:46:07] "GET /parastorage/services/cookie-consent-policy-client/1.983.0/headlessApp.bundle.min.js HTTP/1.1" 200 -
[10/Sep/2026 00:46:07] "GET /parastorage/services/site-consent-policy/1.10.0/site-consent-policy.umd.min.js HTTP/1.1" 200 -
[10/Sep/2026 00:46:07] "GET /_astro/Router.BPj9U-nC.js HTTP/1.1" 200 -
[10/Sep/2026 00:46:07] "GET /_astro/client.CWebG0_l.js HTTP/1.1" 200 -
[10/Sep/2026 00:46:07] "GET /parastorage/services/site-analytics/1.14.0/site-analytics.umd.min.js HTTP/1.1" 200 -
[10/Sep/2026 00:46:07] "GET /parastorage/services/site-bi/1.17.0/site-bi.umd.min.js HTTP/1.1" 200 -
[10/Sep/2026 00:46:07] "GET /_astro/index.QbErGXhl.js HTTP/1.1" 200 -
[10/Sep/2026 00:46:07] "GET /parastorage/services/tag-manager-client/1.1075.0/siteTags.bundle.min.js HTTP/1.1" 200 -
[10/Sep/2026 00:46:07] "GET /media/b/216404_ff8f1ea23ce14c1da752be07f360d641~mv2.png?originWidth=640&originHeight=640 HTTP/1.1" 200 -
[10/Sep/2026 00:46:07] "GET /media/b/216404_de1db352e6914ada8f4e946fbc8349ec~mv2.jpg HTTP/1.1" 200 -
[10/Sep/2026 00:46:07] "GET /media/b/216404_cdb7bfa69955412eb69f5756fe3d7ee4~mv2.jpg HTTP/1.1" 200 -
[10/Sep/2026 00:46:15] "GET /blog/935c5579-a97d-4365-99cb-90cae07d09ad HTTP/1.1" 200 -
[10/Sep/2026 00:46:16] "GET /__offline__/boot.json HTTP/1.1" 200 -
[10/Sep/2026 00:46:16] "GET /__offline__/data/blogposts.json HTTP/1.1" 200 -
[10/Sep/2026 00:46:16] "GET /_astro/entry.nm0Hktb4.css HTTP/1.1" 200 -
[10/Sep/2026 00:46:16] "GET /__offline__/offline-shim.js HTTP/1.1" 200 -
[10/Sep/2026 00:46:16] "GET /_astro/_slug_.BMRhjz4F.css HTTP/1.1" 200 -
[10/Sep/2026 00:46:16] "GET /_astro/page.Da4Tm9W1.js HTTP/1.1" 200 -
[10/Sep/2026 00:46:16] "GET /__offline__/data/faq.json HTTP/1.1" 200 -
[10/Sep/2026 00:46:16] "GET /__offline__/data/featuredreels.json HTTP/1.1" 200 -
[10/Sep/2026 00:46:16] "GET /__offline__/data/properties.json HTTP/1.1" 200 -
[10/Sep/2026 00:46:16] "GET /__offline__/data/propertyimages.json HTTP/1.1" 200 -
[10/Sep/2026 00:46:16] "GET /__offline__/data/propertyvideos.json HTTP/1.1" 200 -
[10/Sep/2026 00:46:17] "GET /__offline__/data/testimonials.json HTTP/1.1" 200 -
[10/Sep/2026 00:46:17] "GET /_astro/astro_scripts/before-hydration.js.Dh2kxll0.js HTTP/1.1" 200 -
[10/Sep/2026 00:46:17] "GET /parastorage/services/site-consent-policy/1.10.0/site-consent-policy.umd.min.js HTTP/1.1" 200 -
[10/Sep/2026 00:46:17] "GET /_astro/address.CihO0Mvv.js HTTP/1.1" 200 -
[10/Sep/2026 00:46:17] "GET /_astro/setup.4cZrxQ76.js HTTP/1.1" 200 -
[10/Sep/2026 00:46:17] "GET /_astro/_commonjsHelpers.C0HnJYVl.js HTTP/1.1" 200 -
[10/Sep/2026 00:46:17] "GET /parastorage/services/cookie-consent-policy-client/1.983.0/headlessApp.bundle.min.js HTTP/1.1" 200 -
[10/Sep/2026 00:46:17] "GET /_astro/Router.BPj9U-nC.js HTTP/1.1" 200 -
[10/Sep/2026 00:46:17] "GET /_astro/client.CWebG0_l.js HTTP/1.1" 200 -
[10/Sep/2026 00:46:17] "GET /_astro/index.QbErGXhl.js HTTP/1.1" 200 -
[10/Sep/2026 00:46:17] "GET /parastorage/services/site-analytics/1.14.0/site-analytics.umd.min.js HTTP/1.1" 200 -
[10/Sep/2026 00:46:17] "GET /parastorage/services/site-bi/1.17.0/site-bi.umd.min.js HTTP/1.1" 200 -
[10/Sep/2026 00:46:17] "GET /parastorage/services/tag-manager-client/1.1075.0/siteTags.bundle.min.js HTTP/1.1" 200 -
[10/Sep/2026 00:46:18] "GET /media/b/216404_cdb7bfa69955412eb69f5756fe3d7ee4~mv2.jpg HTTP/1.1" 200 -
[10/Sep/2026 00:46:18] "GET /media/b/216404_de1db352e6914ada8f4e946fbc8349ec~mv2.jpg HTTP/1.1" 200 -
[10/Sep/2026 00:46:18] "GET /media/b/216404_b7b5b69e151b47ea86c040e4e14d5207~mv2.png?originWidth=640&originHeight=640 HTTP/1.1" 200 -
[10/Sep/2026 00:46:26] "GET /blog/f002d0ad-d12b-4387-bab3-6ab64f855db0 HTTP/1.1" 200 -
[10/Sep/2026 00:46:26] "GET /__offline__/boot.json HTTP/1.1" 200 -
[10/Sep/2026 00:46:26] "GET /_astro/entry.nm0Hktb4.css HTTP/1.1" 200 -
[10/Sep/2026 00:46:26] "GET /_astro/_slug_.BMRhjz4F.css HTTP/1.1" 200 -
[10/Sep/2026 00:46:26] "GET /__offline__/data/blogposts.json HTTP/1.1" 200 -
[10/Sep/2026 00:46:26] "GET /__offline__/offline-shim.js HTTP/1.1" 200 -
[10/Sep/2026 00:46:26] "GET /_astro/page.Da4Tm9W1.js HTTP/1.1" 200 -
[10/Sep/2026 00:46:26] "GET /__offline__/data/faq.json HTTP/1.1" 200 -
[10/Sep/2026 00:46:26] "GET /__offline__/data/featuredreels.json HTTP/1.1" 200 -
[10/Sep/2026 00:46:27] "GET /__offline__/data/properties.json HTTP/1.1" 200 -
[10/Sep/2026 00:46:27] "GET /__offline__/data/propertyimages.json HTTP/1.1" 200 -
[10/Sep/2026 00:46:27] "GET /__offline__/data/propertyvideos.json HTTP/1.1" 200 -
[10/Sep/2026 00:46:27] "GET /__offline__/data/testimonials.json HTTP/1.1" 200 -
[10/Sep/2026 00:46:27] "GET /_astro/astro_scripts/before-hydration.js.Dh2kxll0.js HTTP/1.1" 200 -
[10/Sep/2026 00:46:27] "GET /_astro/address.CihO0Mvv.js HTTP/1.1" 200 -
[10/Sep/2026 00:46:27] "GET /_astro/setup.4cZrxQ76.js HTTP/1.1" 200 -
[10/Sep/2026 00:46:27] "GET /_astro/_commonjsHelpers.C0HnJYVl.js HTTP/1.1" 200 -
[10/Sep/2026 00:46:27] "GET /parastorage/services/site-consent-policy/1.10.0/site-consent-policy.umd.min.js HTTP/1.1" 200 -
[10/Sep/2026 00:46:27] "GET /parastorage/services/cookie-consent-policy-client/1.983.0/headlessApp.bundle.min.js HTTP/1.1" 200 -
[10/Sep/2026 00:46:27] "GET /_astro/Router.BPj9U-nC.js HTTP/1.1" 200 -
[10/Sep/2026 00:46:28] "GET /_astro/client.CWebG0_l.js HTTP/1.1" 200 -
[10/Sep/2026 00:46:28] "GET /_astro/index.QbErGXhl.js HTTP/1.1" 200 -
[10/Sep/2026 00:46:28] "GET /parastorage/services/site-bi/1.17.0/site-bi.umd.min.js HTTP/1.1" 200 -
[10/Sep/2026 00:46:28] "GET /parastorage/services/site-analytics/1.14.0/site-analytics.umd.min.js HTTP/1.1" 200 -
[10/Sep/2026 00:46:28] "GET /parastorage/services/tag-manager-client/1.1075.0/siteTags.bundle.min.js HTTP/1.1" 200 -
[10/Sep/2026 00:46:28] "GET /media/b/216404_cdb7bfa69955412eb69f5756fe3d7ee4~mv2.jpg HTTP/1.1" 200 -
[10/Sep/2026 00:46:28] "GET /media/b/216404_de1db352e6914ada8f4e946fbc8349ec~mv2.jpg HTTP/1.1" 200 -
[10/Sep/2026 00:46:28] "GET /media/b/216404_7e7a2452a0be4e29b1868cd2b3b7dae7~mv2.png?originWidth=640&originHeight=640 HTTP/1.1" 200 -
[10/Sep/2026 00:46:36] "GET /blog/bca161f6-8586-46ea-ab37-1f1b415243f2 HTTP/1.1" 200 -
[10/Sep/2026 00:46:36] "GET /__offline__/boot.json HTTP/1.1" 200 -
[10/Sep/2026 00:46:36] "GET /__offline__/offline-shim.js HTTP/1.1" 200 -
[10/Sep/2026 00:46:36] "GET /_astro/entry.nm0Hktb4.css HTTP/1.1" 200 -
[10/Sep/2026 00:46:36] "GET /__offline__/data/blogposts.json HTTP/1.1" 200 -
[10/Sep/2026 00:46:36] "GET /_astro/_slug_.BMRhjz4F.css HTTP/1.1" 200 -
[10/Sep/2026 00:46:36] "GET /_astro/page.Da4Tm9W1.js HTTP/1.1" 200 -
[10/Sep/2026 00:46:37] "GET /__offline__/data/faq.json HTTP/1.1" 200 -
[10/Sep/2026 00:46:37] "GET /__offline__/data/featuredreels.json HTTP/1.1" 200 -
[10/Sep/2026 00:46:37] "GET /__offline__/data/properties.json HTTP/1.1" 200 -
[10/Sep/2026 00:46:37] "GET /__offline__/data/propertyimages.json HTTP/1.1" 200 -
[10/Sep/2026 00:46:37] "GET /__offline__/data/propertyvideos.json HTTP/1.1" 200 -
[10/Sep/2026 00:46:37] "GET /__offline__/data/testimonials.json HTTP/1.1" 200 -
[10/Sep/2026 00:46:37] "GET /_astro/astro_scripts/before-hydration.js.Dh2kxll0.js HTTP/1.1" 200 -
[10/Sep/2026 00:46:38] "GET /_astro/setup.4cZrxQ76.js HTTP/1.1" 200 -
[10/Sep/2026 00:46:38] "GET /_astro/address.CihO0Mvv.js HTTP/1.1" 200 -
[10/Sep/2026 00:46:38] "GET /_astro/_commonjsHelpers.C0HnJYVl.js HTTP/1.1" 200 -
[10/Sep/2026 00:46:38] "GET /parastorage/services/cookie-consent-policy-client/1.983.0/headlessApp.bundle.min.js HTTP/1.1" 200 -
[10/Sep/2026 00:46:38] "GET /parastorage/services/site-consent-policy/1.10.0/site-consent-policy.umd.min.js HTTP/1.1" 200 -
[10/Sep/2026 00:46:38] "GET /_astro/Router.BPj9U-nC.js HTTP/1.1" 200 -
[10/Sep/2026 00:46:38] "GET /_astro/client.CWebG0_l.js HTTP/1.1" 200 -
[10/Sep/2026 00:46:38] "GET /_astro/index.QbErGXhl.js HTTP/1.1" 200 -
[10/Sep/2026 00:46:38] "GET /parastorage/services/site-analytics/1.14.0/site-analytics.umd.min.js HTTP/1.1" 200 -
[10/Sep/2026 00:46:38] "GET /parastorage/services/site-bi/1.17.0/site-bi.umd.min.js HTTP/1.1" 200 -
[10/Sep/2026 00:46:38] "GET /parastorage/services/tag-manager-client/1.1075.0/siteTags.bundle.min.js HTTP/1.1" 200 -
[10/Sep/2026 00:46:38] "GET /media/b/216404_6f4776b3d4b5438aa2725ac8ad1fded8~mv2.png?originWidth=640&originHeight=640 HTTP/1.1" 200 -
[10/Sep/2026 00:46:38] "GET /media/b/216404_cdb7bfa69955412eb69f5756fe3d7ee4~mv2.jpg HTTP/1.1" 200 -
[10/Sep/2026 00:46:38] "GET /media/b/216404_de1db352e6914ada8f4e946fbc8349ec~mv2.jpg HTTP/1.1" 200 -
[10/Sep/2026 00:46:46] "GET /properties HTTP/1.1" 200 -
[10/Sep/2026 00:46:46] "GET /__offline__/boot.json HTTP/1.1" 200 -
[10/Sep/2026 00:46:47] "GET /__offline__/data/blogposts.json HTTP/1.1" 200 -
[10/Sep/2026 00:46:47] "GET /_astro/_slug_.BMRhjz4F.css HTTP/1.1" 200 -
[10/Sep/2026 00:46:47] "GET /_astro/entry.nm0Hktb4.css HTTP/1.1" 200 -
[10/Sep/2026 00:46:47] "GET /__offline__/offline-shim.js HTTP/1.1" 200 -
[10/Sep/2026 00:46:47] "GET /_astro/page.Da4Tm9W1.js HTTP/1.1" 200 -
[10/Sep/2026 00:46:47] "GET /__offline__/data/faq.json HTTP/1.1" 200 -
[10/Sep/2026 00:46:47] "GET /__offline__/data/featuredreels.json HTTP/1.1" 200 -
[10/Sep/2026 00:46:47] "GET /__offline__/data/properties.json HTTP/1.1" 200 -
[10/Sep/2026 00:46:47] "GET /__offline__/data/propertyimages.json HTTP/1.1" 200 -
[10/Sep/2026 00:46:47] "GET /__offline__/data/propertyvideos.json HTTP/1.1" 200 -
[10/Sep/2026 00:46:48] "GET /__offline__/data/testimonials.json HTTP/1.1" 200 -
[10/Sep/2026 00:46:48] "GET /_astro/astro_scripts/before-hydration.js.Dh2kxll0.js HTTP/1.1" 200 -
[10/Sep/2026 00:46:48] "GET /parastorage/services/cookie-consent-policy-client/1.983.0/headlessApp.bundle.min.js HTTP/1.1" 200 -
[10/Sep/2026 00:46:48] "GET /_astro/address.CihO0Mvv.js HTTP/1.1" 200 -
[10/Sep/2026 00:46:48] "GET /parastorage/services/site-consent-policy/1.10.0/site-consent-policy.umd.min.js HTTP/1.1" 200 -
[10/Sep/2026 00:46:48] "GET /_astro/_commonjsHelpers.C0HnJYVl.js HTTP/1.1" 200 -
[10/Sep/2026 00:46:48] "GET /_astro/setup.4cZrxQ76.js HTTP/1.1" 200 -
[10/Sep/2026 00:46:48] "GET /_astro/Router.BPj9U-nC.js HTTP/1.1" 200 -
[10/Sep/2026 00:46:48] "GET /_astro/index.QbErGXhl.js HTTP/1.1" 200 -
[10/Sep/2026 00:46:48] "GET /_astro/client.CWebG0_l.js HTTP/1.1" 200 -
[10/Sep/2026 00:46:48] "GET /parastorage/services/site-analytics/1.14.0/site-analytics.umd.min.js HTTP/1.1" 200 -
[10/Sep/2026 00:46:48] "GET /parastorage/services/site-bi/1.17.0/site-bi.umd.min.js HTTP/1.1" 200 -
[10/Sep/2026 00:46:48] "GET /parastorage/services/tag-manager-client/1.1075.0/siteTags.bundle.min.js HTTP/1.1" 200 -
[10/Sep/2026 00:46:48] "GET /media/b/216404_cdb7bfa69955412eb69f5756fe3d7ee4~mv2.jpg HTTP/1.1" 200 -
[10/Sep/2026 00:46:48] "GET /media/b/216404_de1db352e6914ada8f4e946fbc8349ec~mv2.jpg HTTP/1.1" 200 -
[10/Sep/2026 00:46:57] "GET /videos HTTP/1.1" 200 -
[10/Sep/2026 00:46:57] "GET /__offline__/boot.json HTTP/1.1" 200 -
[10/Sep/2026 00:46:57] "GET /__offline__/data/blogposts.json HTTP/1.1" 200 -
[10/Sep/2026 00:46:57] "GET /_astro/entry.nm0Hktb4.css HTTP/1.1" 200 -
[10/Sep/2026 00:46:57] "GET /__offline__/offline-shim.js HTTP/1.1" 200 -
[10/Sep/2026 00:46:57] "GET /_astro/page.Da4Tm9W1.js HTTP/1.1" 200 -
[10/Sep/2026 00:46:57] "GET /_astro/_slug_.BMRhjz4F.css HTTP/1.1" 200 -
[10/Sep/2026 00:46:57] "GET /__offline__/data/faq.json HTTP/1.1" 200 -
[10/Sep/2026 00:46:57] "GET /__offline__/data/featuredreels.json HTTP/1.1" 200 -
[10/Sep/2026 00:46:58] "GET /__offline__/data/properties.json HTTP/1.1" 200 -
[10/Sep/2026 00:46:58] "GET /__offline__/data/propertyimages.json HTTP/1.1" 200 -
[10/Sep/2026 00:46:58] "GET /__offline__/data/propertyvideos.json HTTP/1.1" 200 -
[10/Sep/2026 00:46:58] "GET /__offline__/data/testimonials.json HTTP/1.1" 200 -
[10/Sep/2026 00:46:58] "GET /_astro/astro_scripts/before-hydration.js.Dh2kxll0.js HTTP/1.1" 200 -
[10/Sep/2026 00:46:58] "GET /_astro/setup.4cZrxQ76.js HTTP/1.1" 200 -
[10/Sep/2026 00:46:58] "GET /_astro/_commonjsHelpers.C0HnJYVl.js HTTP/1.1" 200 -
[10/Sep/2026 00:46:58] "GET /parastorage/services/site-consent-policy/1.10.0/site-consent-policy.umd.min.js HTTP/1.1" 200 -
[10/Sep/2026 00:46:58] "GET /parastorage/services/cookie-consent-policy-client/1.983.0/headlessApp.bundle.min.js HTTP/1.1" 200 -
[10/Sep/2026 00:46:58] "GET /_astro/address.CihO0Mvv.js HTTP/1.1" 200 -
[10/Sep/2026 00:46:59] "GET /_astro/Router.BPj9U-nC.js HTTP/1.1" 200 -
[10/Sep/2026 00:46:59] "GET /_astro/client.CWebG0_l.js HTTP/1.1" 200 -
[10/Sep/2026 00:46:59] "GET /parastorage/services/site-bi/1.17.0/site-bi.umd.min.js HTTP/1.1" 200 -
[10/Sep/2026 00:46:59] "GET /parastorage/services/site-analytics/1.14.0/site-analytics.umd.min.js HTTP/1.1" 200 -
[10/Sep/2026 00:46:59] "GET /_astro/index.QbErGXhl.js HTTP/1.1" 200 -
[10/Sep/2026 00:46:59] "GET /media/b/216404_0ec19c0bf06b4f86bfb28a36fc3e62a1~mv2.png?originWidth=640&originHeight=640 HTTP/1.1" 200 -
[10/Sep/2026 00:46:59] "GET /media/b/216404_131742608e0d44ecbcf442635ed4b060~mv2.png?originWidth=640&originHeight=640 HTTP/1.1" 200 -
[10/Sep/2026 00:46:59] "GET /media/b/216404_573d079b77514653a525976826fca658~mv2.png?originWidth=640&originHeight=640 HTTP/1.1" 200 -
[10/Sep/2026 00:46:59] "GET /media/b/216404_d8279617d45f4060ba5fa85003c2d1ee~mv2.png?originWidth=640&originHeight=640 HTTP/1.1" 200 -
[10/Sep/2026 00:46:59] "GET /media/b/216404_5e5713a6adad4dde972499f2165bfb64~mv2.png?originWidth=640&originHeight=640 HTTP/1.1" 200 -
[10/Sep/2026 00:46:59] "GET /media/b/216404_b2f99824fcc04d8c8f09ed26ff53c704~mv2.png?originWidth=640&originHeight=640 HTTP/1.1" 200 -
[10/Sep/2026 00:46:59] "GET /media/b/216404_e716f1ec688f44c88840b0b2bab466ad~mv2.png?originWidth=640&originHeight=640 HTTP/1.1" 200 -
[10/Sep/2026 00:46:59] "GET /parastorage/services/tag-manager-client/1.1075.0/siteTags.bundle.min.js HTTP/1.1" 200 -
[10/Sep/2026 00:46:59] "GET /media/b/216404_cdb7bfa69955412eb69f5756fe3d7ee4~mv2.jpg HTTP/1.1" 200 -
[10/Sep/2026 00:46:59] "GET /media/b/216404_de1db352e6914ada8f4e946fbc8349ec~mv2.jpg HTTP/1.1" 200 -
[10/Sep/2026 00:46:59] "GET /media/b/216404_402c7cbb5bc14fa1a454d4dcec4a68a5~mv2.png?originWidth=640&originHeight=640 HTTP/1.1" 200 -
[10/Sep/2026 00:46:59] "GET /media/b/216404_d52b8e425a4c4ce3951de0a575d5abde~mv2.png?originWidth=640&originHeight=640 HTTP/1.1" 200 -
[10/Sep/2026 00:46:59] "GET /media/b/216404_e740a65c81ba43668397c55ea8facac1~mv2.png?originWidth=640&originHeight=640 HTTP/1.1" 200 -
[10/Sep/2026 00:47:07] "GET /blog HTTP/1.1" 200 -
[10/Sep/2026 00:47:07] "GET /__offline__/boot.json HTTP/1.1" 200 -
[10/Sep/2026 00:47:07] "GET /_astro/_slug_.BMRhjz4F.css HTTP/1.1" 200 -
[10/Sep/2026 00:47:07] "GET /__offline__/offline-shim.js HTTP/1.1" 200 -
[10/Sep/2026 00:47:07] "GET /_astro/entry.nm0Hktb4.css HTTP/1.1" 200 -
[10/Sep/2026 00:47:07] "GET /_astro/page.Da4Tm9W1.js HTTP/1.1" 200 -
[10/Sep/2026 00:47:07] "GET /__offline__/data/blogposts.json HTTP/1.1" 200 -
[10/Sep/2026 00:47:08] "GET /__offline__/data/faq.json HTTP/1.1" 200 -
[10/Sep/2026 00:47:08] "GET /__offline__/data/featuredreels.json HTTP/1.1" 200 -
[10/Sep/2026 00:47:08] "GET /__offline__/data/properties.json HTTP/1.1" 200 -
[10/Sep/2026 00:47:08] "GET /__offline__/data/propertyimages.json HTTP/1.1" 200 -
[10/Sep/2026 00:47:08] "GET /__offline__/data/propertyvideos.json HTTP/1.1" 200 -
[10/Sep/2026 00:47:08] "GET /__offline__/data/testimonials.json HTTP/1.1" 200 -
[10/Sep/2026 00:47:09] "GET /_astro/astro_scripts/before-hydration.js.Dh2kxll0.js HTTP/1.1" 200 -
[10/Sep/2026 00:47:09] "GET /_astro/setup.4cZrxQ76.js HTTP/1.1" 200 -
[10/Sep/2026 00:47:09] "GET /parastorage/services/cookie-consent-policy-client/1.983.0/headlessApp.bundle.min.js HTTP/1.1" 200 -
[10/Sep/2026 00:47:09] "GET /parastorage/services/site-consent-policy/1.10.0/site-consent-policy.umd.min.js HTTP/1.1" 200 -
[10/Sep/2026 00:47:09] "GET /_astro/address.CihO0Mvv.js HTTP/1.1" 200 -
[10/Sep/2026 00:47:09] "GET /_astro/_commonjsHelpers.C0HnJYVl.js HTTP/1.1" 200 -
[10/Sep/2026 00:47:09] "GET /_astro/Router.BPj9U-nC.js HTTP/1.1" 200 -
[10/Sep/2026 00:47:09] "GET /parastorage/services/site-bi/1.17.0/site-bi.umd.min.js HTTP/1.1" 200 -
[10/Sep/2026 00:47:09] "GET /_astro/client.CWebG0_l.js HTTP/1.1" 200 -
[10/Sep/2026 00:47:09] "GET /_astro/index.QbErGXhl.js HTTP/1.1" 200 -
[10/Sep/2026 00:47:09] "GET /parastorage/services/site-analytics/1.14.0/site-analytics.umd.min.js HTTP/1.1" 200 -
[10/Sep/2026 00:47:09] "GET /media/b/216404_5f7722e68d99447f9643b00d600c646d~mv2.png?originWidth=640&originHeight=640 HTTP/1.1" 200 -
[10/Sep/2026 00:47:09] "GET /media/b/216404_ff8f1ea23ce14c1da752be07f360d641~mv2.png?originWidth=640&originHeight=640 HTTP/1.1" 200 -
[10/Sep/2026 00:47:09] "GET /media/b/216404_de1db352e6914ada8f4e946fbc8349ec~mv2.jpg HTTP/1.1" 200 -
[10/Sep/2026 00:47:09] "GET /media/b/216404_cdb7bfa69955412eb69f5756fe3d7ee4~mv2.jpg HTTP/1.1" 200 -
[10/Sep/2026 00:47:09] "GET /parastorage/services/tag-manager-client/1.1075.0/siteTags.bundle.min.js HTTP/1.1" 200 -
[10/Sep/2026 00:47:09] "GET /media/b/216404_99b65d8e4edf4d9ea8caf90e0a80662d~mv2.png?originWidth=640&originHeight=640 HTTP/1.1" 200 -
[10/Sep/2026 00:47:10] "GET /media/b/216404_6f4776b3d4b5438aa2725ac8ad1fded8~mv2.png?originWidth=640&originHeight=640 HTTP/1.1" 200 -
[10/Sep/2026 00:47:10] "GET /media/b/216404_7e7a2452a0be4e29b1868cd2b3b7dae7~mv2.png?originWidth=640&originHeight=640 HTTP/1.1" 200 -
[10/Sep/2026 00:47:10] "GET /media/b/216404_b7b5b69e151b47ea86c040e4e14d5207~mv2.png?originWidth=640&originHeight=640 HTTP/1.1" 200 -
[10/Sep/2026 00:47:17] "GET /work-with-us HTTP/1.1" 200 -
[10/Sep/2026 00:47:18] "GET /__offline__/boot.json HTTP/1.1" 200 -
[10/Sep/2026 00:47:18] "GET /__offline__/data/blogposts.json HTTP/1.1" 200 -
[10/Sep/2026 00:47:18] "GET /_astro/page.Da4Tm9W1.js HTTP/1.1" 200 -
[10/Sep/2026 00:47:18] "GET /_astro/entry.nm0Hktb4.css HTTP/1.1" 200 -
[10/Sep/2026 00:47:18] "GET /__offline__/offline-shim.js HTTP/1.1" 200 -
[10/Sep/2026 00:47:18] "GET /_astro/_slug_.BMRhjz4F.css HTTP/1.1" 200 -
[10/Sep/2026 00:47:18] "GET /__offline__/data/faq.json HTTP/1.1" 200 -
[10/Sep/2026 00:47:18] "GET /__offline__/data/featuredreels.json HTTP/1.1" 200 -
[10/Sep/2026 00:47:18] "GET /__offline__/data/properties.json HTTP/1.1" 200 -
[10/Sep/2026 00:47:18] "GET /__offline__/data/propertyimages.json HTTP/1.1" 200 -
[10/Sep/2026 00:47:19] "GET /__offline__/data/propertyvideos.json HTTP/1.1" 200 -
[10/Sep/2026 00:47:19] "GET /__offline__/data/testimonials.json HTTP/1.1" 200 -
[10/Sep/2026 00:47:19] "GET /_astro/astro_scripts/before-hydration.js.Dh2kxll0.js HTTP/1.1" 200 -
[10/Sep/2026 00:47:19] "GET /_astro/address.CihO0Mvv.js HTTP/1.1" 200 -
[10/Sep/2026 00:47:19] "GET /_astro/_commonjsHelpers.C0HnJYVl.js HTTP/1.1" 200 -
[10/Sep/2026 00:47:19] "GET /_astro/setup.4cZrxQ76.js HTTP/1.1" 200 -
[10/Sep/2026 00:47:19] "GET /parastorage/services/site-consent-policy/1.10.0/site-consent-policy.umd.min.js HTTP/1.1" 200 -
[10/Sep/2026 00:47:19] "GET /parastorage/services/cookie-consent-policy-client/1.983.0/headlessApp.bundle.min.js HTTP/1.1" 200 -
[10/Sep/2026 00:47:19] "GET /_astro/Router.BPj9U-nC.js HTTP/1.1" 200 -
[10/Sep/2026 00:47:19] "GET /_astro/client.CWebG0_l.js HTTP/1.1" 200 -
[10/Sep/2026 00:47:19] "GET /parastorage/services/site-bi/1.17.0/site-bi.umd.min.js HTTP/1.1" 200 -
[10/Sep/2026 00:47:19] "GET /_astro/index.QbErGXhl.js HTTP/1.1" 200 -
[10/Sep/2026 00:47:19] "GET /parastorage/services/site-analytics/1.14.0/site-analytics.umd.min.js HTTP/1.1" 200 -
[10/Sep/2026 00:47:20] "GET /parastorage/services/tag-manager-client/1.1075.0/siteTags.bundle.min.js HTTP/1.1" 200 -
[10/Sep/2026 00:47:20] "GET /media/b/216404_cdb7bfa69955412eb69f5756fe3d7ee4~mv2.jpg HTTP/1.1" 200 -
[10/Sep/2026 00:47:20] "GET /media/b/216404_de1db352e6914ada8f4e946fbc8349ec~mv2.jpg HTTP/1.1" 200 -
[10/Sep/2026 00:47:28] "GET /sell-property HTTP/1.1" 200 -
[10/Sep/2026 00:47:28] "GET /__offline__/boot.json HTTP/1.1" 200 -
[10/Sep/2026 00:47:28] "GET /_astro/entry.nm0Hktb4.css HTTP/1.1" 200 -
[10/Sep/2026 00:47:28] "GET /_astro/_slug_.BMRhjz4F.css HTTP/1.1" 200 -
[10/Sep/2026 00:47:28] "GET /__offline__/data/blogposts.json HTTP/1.1" 200 -
[10/Sep/2026 00:47:28] "GET /__offline__/offline-shim.js HTTP/1.1" 200 -
[10/Sep/2026 00:47:28] "GET /_astro/page.Da4Tm9W1.js HTTP/1.1" 200 -
[10/Sep/2026 00:47:28] "GET /__offline__/data/faq.json HTTP/1.1" 200 -
[10/Sep/2026 00:47:29] "GET /__offline__/data/featuredreels.json HTTP/1.1" 200 -
[10/Sep/2026 00:47:29] "GET /__offline__/data/properties.json HTTP/1.1" 200 -
[10/Sep/2026 00:47:29] "GET /__offline__/data/propertyimages.json HTTP/1.1" 200 -
[10/Sep/2026 00:47:29] "GET /__offline__/data/propertyvideos.json HTTP/1.1" 200 -
[10/Sep/2026 00:47:29] "GET /__offline__/data/testimonials.json HTTP/1.1" 200 -
[10/Sep/2026 00:47:29] "GET /_astro/astro_scripts/before-hydration.js.Dh2kxll0.js HTTP/1.1" 200 -
[10/Sep/2026 00:47:30] "GET /_astro/address.CihO0Mvv.js HTTP/1.1" 200 -
[10/Sep/2026 00:47:30] "GET /parastorage/services/site-consent-policy/1.10.0/site-consent-policy.umd.min.js HTTP/1.1" 200 -
[10/Sep/2026 00:47:30] "GET /_astro/setup.4cZrxQ76.js HTTP/1.1" 200 -
[10/Sep/2026 00:47:30] "GET /parastorage/services/cookie-consent-policy-client/1.983.0/headlessApp.bundle.min.js HTTP/1.1" 200 -
[10/Sep/2026 00:47:30] "GET /_astro/_commonjsHelpers.C0HnJYVl.js HTTP/1.1" 200 -
[10/Sep/2026 00:47:30] "GET /_astro/Router.BPj9U-nC.js HTTP/1.1" 200 -
[10/Sep/2026 00:47:30] "GET /_astro/index.QbErGXhl.js HTTP/1.1" 200 -
[10/Sep/2026 00:47:30] "GET /parastorage/services/site-analytics/1.14.0/site-analytics.umd.min.js HTTP/1.1" 200 -
[10/Sep/2026 00:47:30] "GET /_astro/client.CWebG0_l.js HTTP/1.1" 200 -
[10/Sep/2026 00:47:30] "GET /parastorage/services/site-bi/1.17.0/site-bi.umd.min.js HTTP/1.1" 200 -
[10/Sep/2026 00:47:30] "GET /parastorage/services/tag-manager-client/1.1075.0/siteTags.bundle.min.js HTTP/1.1" 200 -
[10/Sep/2026 00:47:30] "GET /media/b/216404_cdb7bfa69955412eb69f5756fe3d7ee4~mv2.jpg HTTP/1.1" 200 -
[10/Sep/2026 00:47:30] "GET /media/b/216404_de1db352e6914ada8f4e946fbc8349ec~mv2.jpg HTTP/1.1" 200 -
[10/Sep/2026 00:47:38] "GET /projects HTTP/1.1" 200 -
[10/Sep/2026 00:47:39] "GET /__offline__/boot.json HTTP/1.1" 200 -
[10/Sep/2026 00:47:39] "GET /__offline__/data/blogposts.json HTTP/1.1" 200 -
[10/Sep/2026 00:47:39] "GET /__offline__/offline-shim.js HTTP/1.1" 200 -
[10/Sep/2026 00:47:39] "GET /_astro/_slug_.BMRhjz4F.css HTTP/1.1" 200 -
[10/Sep/2026 00:47:39] "GET /_astro/page.Da4Tm9W1.js HTTP/1.1" 200 -
[10/Sep/2026 00:47:39] "GET /_astro/entry.nm0Hktb4.css HTTP/1.1" 200 -
[10/Sep/2026 00:47:39] "GET /__offline__/data/faq.json HTTP/1.1" 200 -
[10/Sep/2026 00:47:39] "GET /__offline__/data/featuredreels.json HTTP/1.1" 200 -
[10/Sep/2026 00:47:39] "GET /__offline__/data/properties.json HTTP/1.1" 200 -
[10/Sep/2026 00:47:39] "GET /__offline__/data/propertyimages.json HTTP/1.1" 200 -
[10/Sep/2026 00:47:40] "GET /__offline__/data/propertyvideos.json HTTP/1.1" 200 -
[10/Sep/2026 00:47:40] "GET /__offline__/data/testimonials.json HTTP/1.1" 200 -
[10/Sep/2026 00:47:40] "GET /_astro/astro_scripts/before-hydration.js.Dh2kxll0.js HTTP/1.1" 200 -
[10/Sep/2026 00:47:40] "GET /_astro/address.CihO0Mvv.js HTTP/1.1" 200 -
[10/Sep/2026 00:47:40] "GET /parastorage/services/site-consent-policy/1.10.0/site-consent-policy.umd.min.js HTTP/1.1" 200 -
[10/Sep/2026 00:47:40] "GET /_astro/setup.4cZrxQ76.js HTTP/1.1" 200 -
[10/Sep/2026 00:47:40] "GET /parastorage/services/cookie-consent-policy-client/1.983.0/headlessApp.bundle.min.js HTTP/1.1" 200 -
[10/Sep/2026 00:47:40] "GET /_astro/_commonjsHelpers.C0HnJYVl.js HTTP/1.1" 200 -
[10/Sep/2026 00:47:40] "GET /_astro/Router.BPj9U-nC.js HTTP/1.1" 200 -
[10/Sep/2026 00:47:40] "GET /_astro/index.QbErGXhl.js HTTP/1.1" 200 -
[10/Sep/2026 00:47:40] "GET /_astro/client.CWebG0_l.js HTTP/1.1" 200 -
[10/Sep/2026 00:47:40] "GET /parastorage/services/site-bi/1.17.0/site-bi.umd.min.js HTTP/1.1" 200 -
[10/Sep/2026 00:47:40] "GET /parastorage/services/site-analytics/1.14.0/site-analytics.umd.min.js HTTP/1.1" 200 -
[10/Sep/2026 00:47:40] "GET /parastorage/services/tag-manager-client/1.1075.0/siteTags.bundle.min.js HTTP/1.1" 200 -
[10/Sep/2026 00:47:41] "GET /media/b/216404_cdb7bfa69955412eb69f5756fe3d7ee4~mv2.jpg HTTP/1.1" 200 -
[10/Sep/2026 00:47:41] "GET /media/b/216404_de1db352e6914ada8f4e946fbc8349ec~mv2.jpg HTTP/1.1" 200 -
